question_validation_run_id,created_at,pipeline_run_id,outcome,attributed_stage,attribution_basis,failure_family,cost_cents,topic_id,skill_id,requested_difficulty,has_candidate_snapshot,regate_would_reject,regate_failure_families
7201ffeb-92e3-45c9-9024-b2d0028cc04d,2026-08-05T21:58:09.263460+00:00,,rejected,generator,reason_text,other,0.3716,,,,no,,
38e22396-8d54-427c-8c75-5ac37b8a086c,2026-08-05T21:58:09.263460+00:00,,rejected,generator,reason_text,other,0.3716,,,,no,,
69d4108b-e640-4c23-8578-c8f26a37c491,2026-08-05T21:58:09.263460+00:00,,rejected,generator,reason_text,other,0.3717,,,,no,,
b6988d6a-f70d-4498-8b24-b58e37130ee7,2026-08-05T21:58:09.263460+00:00,,rejected,generator,reason_text,other,0.3718,,,,no,,
ba80b14e-2b64-43b3-bd14-aa420b14be4e,2026-08-05T21:58:09.263460+00:00,,rejected,generator,reason_text,other,0.3718,,,,no,,
4594189b-cf3b-4646-966c-bf13a818528c,2026-08-05T21:58:09.263460+00:00,,rejected,generator,reason_text,other,0.3718,,,,no,,
967a2376-afac-4bec-bf35-11d2dbaf6b29,2026-08-05T21:58:09.263460+00:00,,rejected,generator,reason_text,other,0.3714,,,,no,,
8542acc9-8939-4352-be15-66af6e622365,2026-08-05T21:58:09.263460+00:00,,rejected,generator,reason_text,other,0.3714,,,,no,,
d3308969-1262-4204-8177-54fa07b95a90,2026-08-05T21:58:09.263460+00:00,,rejected,generator,reason_text,other,0.3714,,,,no,,
f9949764-65ed-4a19-b0a9-f8008b9e1f8b,2026-08-05T21:58:09.263460+00:00,,rejected,generator,reason_text,other,0.3714,,,,no,,
fdca6181-3b45-42e4-8e17-fbff177942f8,2026-08-05T21:58:09.263460+00:00,,rejected,generator,reason_text,other,0.3716,,,,no,,
0ee9756a-c856-4be8-beca-b723f539ba16,2026-08-05T22:03:23.156022+00:00,,pending,accepted,accepted,,1.1279,linear_equations,linear_two_step,2,no,,
6cee3ce3-fed5-48a3-b81e-7ddb565726da,2026-08-05T22:03:23.156022+00:00,,rejected,validation,stage_evidence,answer key: derived answer disagrees,0.5744,,,,no,,
45c7aa67-3eed-408f-aa52-d00052e0d458,2026-08-05T22:03:23.156022+00:00,,rejected,validation,stage_evidence,answer key: derived answer disagrees,0.5883,,,,no,,
d75e25f9-916a-47f1-8318-aff17b38f83c,2026-08-05T22:03:23.156022+00:00,,rejected,validation,stage_evidence,answer key: derived answer disagrees,0.5623,,,,no,,
57fc545f-69ea-4266-84fc-0480c63b17bb,2026-08-05T22:03:23.156022+00:00,,pending,accepted,accepted,,1.1636,linear_equations,linear_neg_frac_coeff,2,no,,
c47f292e-7032-4f80-b162-8ae36db5a6f5,2026-08-05T22:03:23.156022+00:00,,pending,accepted,accepted,,1.2550,linear_equations,linear_distribute,5,no,,
1625277b-acd3-48ec-b164-85d417206d6b,2026-08-05T22:03:23.156022+00:00,,rejected,validation,stage_evidence,answer key: derived answer disagrees,0.5486,,,,no,,
aa7b8235-4855-4597-a78d-8f15c4559487,2026-08-05T22:03:23.156022+00:00,,rejected,validation,stage_evidence,answer key: derived answer disagrees,0.4974,,,,no,,
b4681ca6-b14a-49f1-9a75-2e683c5ca2d7,2026-08-05T22:03:23.156022+00:00,,rejected,validation,stage_evidence,answer key: derived answer disagrees,0.5636,,,,no,,
a81b4867-8caf-4315-a252-0062ba7e57cb,2026-08-05T22:03:23.156022+00:00,,pending,accepted,accepted,,1.1814,linear_equations,linear_both_sides,4,no,,
4575eb98-2227-40f1-b7b0-3290850c5b15,2026-08-05T22:03:23.156022+00:00,,rejected,dedup,stage_evidence,other,0.6084,,,,no,,
8b175a11-6295-4efc-8237-1cb98de0d508,2026-08-05T22:10:52.387903+00:00,,rejected,validation,stage_evidence,hint ladder,0.5483,,,,no,,
77c96683-d347-4e09-a4c9-2fa6712d7ef3,2026-08-05T22:10:52.387903+00:00,,rejected,validation,stage_evidence,answer leakage,0.5662,,,,no,,
59ac369e-2eb7-417d-b158-714ee72c8497,2026-08-05T22:10:52.387903+00:00,,pending,accepted,accepted,,1.1449,linear_equations,linear_neg_frac_coeff,2,no,,
48105f9d-8c7e-489e-8a52-6dd3026b2f08,2026-08-05T22:10:52.387903+00:00,,rejected,dedup,stage_evidence,other,0.5301,,,,no,,
30c3c8db-e34c-4609-8a50-bd8341157837,2026-08-05T22:10:52.387903+00:00,,pending,accepted,accepted,,1.2801,linear_equations,linear_neg_frac_coeff,3,no,,
407ca649-9de9-474a-b01c-63425f03bb5f,2026-08-05T22:10:52.387903+00:00,,pending,accepted,accepted,,1.0427,linear_equations,linear_one_step,1,no,,
fbddb2b8-d9ea-4745-b793-d89e820075f1,2026-08-05T22:10:52.387903+00:00,,pending,accepted,accepted,,1.1238,linear_equations,linear_two_step,1,no,,
11e9f660-0bb9-443d-ad0d-33cbd6f6ee6d,2026-08-05T22:10:52.387903+00:00,,rejected,dedup,stage_evidence,other,0.5729,,,,no,,
4e5de00a-abc3-4c08-a116-080be8816e23,2026-08-05T22:10:52.387903+00:00,,rejected,dedup,stage_evidence,other,0.5479,,,,no,,
35c3db30-28a9-421f-a4e4-c8332e722ce1,2026-08-05T22:10:52.387903+00:00,,rejected,dedup,stage_evidence,other,0.5631,,,,no,,
00348edf-de5f-4c97-a1ca-b235c5919cb2,2026-08-05T22:10:52.387903+00:00,,rejected,dedup,stage_evidence,other,0.6116,,,,no,,
bf160386-02fa-48b2-bd40-3975a0dfc5e3,2026-08-06T00:48:53.991068+00:00,,pending,accepted,accepted,,1.4900,linear_equations,linear_both_sides,4,no,,
61aa2bed-5623-44c0-8b12-1a3ae4698813,2026-08-06T00:48:53.991068+00:00,,pending,accepted,accepted,,1.2780,linear_equations,linear_two_step,2,no,,
727869ad-21e7-4ef9-b352-496737305c90,2026-08-06T00:48:53.991068+00:00,,pending,accepted,accepted,,1.4376,linear_equations,linear_both_sides,4,no,,
6f5d6deb-fc6d-4766-98fc-e261a5acc7c6,2026-08-06T00:48:53.991068+00:00,,pending,accepted,accepted,,1.4066,linear_equations,linear_both_sides,3,no,,
96489a6a-d5e9-4b1f-a160-054b7927075d,2026-08-06T00:48:53.991068+00:00,,rejected,validation,stage_evidence,other,0.6707,,,,no,,
74f199a0-4113-4676-ba81-1b5eada7c45e,2026-08-06T00:48:53.991068+00:00,,rejected,validation,stage_evidence,other,0.7193,,,,no,,
6db2c982-92fc-41dc-8be0-c6850e5c99f7,2026-08-06T00:48:53.991068+00:00,,rejected,validation,stage_evidence,answer key: derived answer disagrees,0.7228,,,,no,,
f917d0f4-327a-4c0f-9c6a-bfcf13368542,2026-08-06T00:48:53.991068+00:00,,rejected,generator,reason_text,other,1.0178,,,,no,,
6e87196e-7827-42a4-b509-b051d55ce7f4,2026-08-06T00:48:53.991068+00:00,,pending,accepted,accepted,,1.1498,linear_equations,linear_one_step,1,no,,
b8aca475-4d83-47aa-90a5-6ff75a900643,2026-08-06T00:48:53.991068+00:00,,pending,accepted,accepted,,1.3695,linear_equations,linear_two_step,1,no,,
a97b1e28-9cef-414a-9d42-35b78d5e2c65,2026-08-06T00:48:53.991068+00:00,,rejected,validation,stage_evidence,hint ladder,1.0089,,,,no,,
058bec00-7e88-43c1-9eb2-cdfcd4d8c570,2026-08-06T01:11:50.222094+00:00,,pending,accepted,accepted,,1.4460,linear_equations,linear_neg_frac_coeff,3,no,,
2c50072a-e510-4a64-940d-9b6939c622bb,2026-08-06T01:11:50.222094+00:00,,rejected,validation,stage_evidence,other,0.8128,,,,no,,
fa7489a9-cc42-49f2-995c-a9a856a80aa7,2026-08-06T01:11:50.222094+00:00,,pending,accepted,accepted,,1.9675,linear_equations,linear_two_step,2,no,,
66fc3a8d-68f2-46a9-835e-19fb2c8671d3,2026-08-06T01:11:50.222094+00:00,,pending,accepted,accepted,,1.4638,linear_equations,linear_two_step,1,no,,
01448d2f-35ca-4bfa-a281-09900ed68053,2026-08-06T01:11:50.222094+00:00,,rejected,solver,stage_evidence,answer key: derived answer disagrees,1.0499,,,,no,,
b0655a79-b42f-4d43-b2bf-bd7b4fd254b3,2026-08-06T01:11:50.222094+00:00,,pending,accepted,accepted,,1.3131,linear_equations,linear_two_step,3,no,,
960a5df7-eede-482a-9238-9e077f37b211,2026-08-06T01:11:50.222094+00:00,,rejected,validation,stage_evidence,answer key: derived answer disagrees,0.7786,,,,no,,
a07f35cd-bf43-480e-b4d5-f9d590f0c5e9,2026-08-06T01:11:50.222094+00:00,,rejected,solver,stage_evidence,answer key: derived answer disagrees,1.1780,,,,no,,
05520972-b2dd-46bf-bdcf-e9017c312802,2026-08-06T01:11:50.222094+00:00,,pending,accepted,accepted,,1.2024,linear_equations,linear_one_step,1,no,,
1e070318-010c-4100-adcf-80720ee3cdc8,2026-08-06T01:11:50.222094+00:00,,rejected,solver,stage_evidence,answer key: derived answer disagrees,1.2466,,,,no,,
5a571df3-35a2-4ab8-b203-d56d7a3217a1,2026-08-06T01:11:50.222094+00:00,,pending,accepted,accepted,,1.3013,linear_equations,linear_two_step,2,no,,
2c064485-8a1b-406e-ad0d-4f90d580da23,2026-08-06T01:39:22.675723+00:00,,pending,accepted,accepted,,0.7902,linear_equations,linear_both_sides,4,no,,
b4bed0ec-28d0-407d-a9d7-74b587909116,2026-08-06T01:39:22.675723+00:00,,rejected,budget,reason_text,other,0.0000,,,,no,,
becc15ef-9096-4bd8-ab74-16594830982f,2026-08-06T01:39:22.675723+00:00,,rejected,solver,stage_evidence,answer key: derived answer disagrees,0.7954,,,,no,,
d625f22d-1cc4-4363-886f-cfd4d9ebbbc0,2026-08-06T01:39:22.675723+00:00,,pending,accepted,accepted,,0.6641,linear_equations,linear_one_step,1,no,,
ee9d3dd3-6ef5-4feb-bbd5-55054c38b7b9,2026-08-06T01:39:22.675723+00:00,,rejected,judge,stage_evidence,hint ladder,0.9366,,,,no,,
ff13c1a8-df0f-46ce-b067-3abcfa553a99,2026-08-06T01:39:22.675723+00:00,,rejected,budget,reason_text,other,0.0000,,,,no,,
8e11526e-b037-487d-8d9b-d93eaed3ef8d,2026-08-06T01:39:22.675723+00:00,,rejected,budget,reason_text,other,0.0000,,,,no,,
4817a0a1-668c-4817-800a-5d09301d809c,2026-08-06T01:39:22.675723+00:00,,rejected,budget,reason_text,other,0.0000,,,,no,,
8a1eefa4-2b62-42a0-a1b7-633caf7fc94d,2026-08-06T01:39:22.675723+00:00,,rejected,budget,reason_text,other,0.0000,,,,no,,
52cfe707-520e-4108-b5ac-796711f30b1f,2026-08-06T01:39:22.675723+00:00,,rejected,budget,reason_text,other,0.0000,,,,no,,
6299a900-fec5-4a65-b13b-9c53429dc4bb,2026-08-06T01:39:22.675723+00:00,,rejected,budget,reason_text,other,0.0000,,,,no,,
a2a94364-57bc-46b6-b69c-2ffd1cf12ca4,2026-08-06T01:39:22.675723+00:00,,rejected,budget,reason_text,other,0.0000,,,,no,,
0887de98-80d7-449f-a615-25c979d723eb,2026-08-06T01:39:22.675723+00:00,,rejected,budget,reason_text,other,0.0000,,,,no,,
9165b0f1-f8ee-4993-be0a-ae1d30a51eed,2026-08-06T01:39:22.675723+00:00,,rejected,budget,reason_text,other,0.0000,,,,no,,
e3f6b1d8-a86d-454c-bcdd-2e18d5e8127c,2026-08-06T01:39:22.675723+00:00,,rejected,budget,reason_text,other,0.0000,,,,no,,
2619c87b-e876-4acd-b9a6-798ad833e437,2026-08-06T01:39:22.675723+00:00,,rejected,budget,reason_text,other,0.0000,,,,no,,
174450d8-a122-4a1b-878d-d18fc526782a,2026-08-06T01:39:22.675723+00:00,,pending,accepted,accepted,,0.7105,linear_equations,linear_two_step,2,no,,
385e40df-7000-4be3-9c5c-a5b843dfe78a,2026-08-06T01:39:22.675723+00:00,,pending,accepted,accepted,,0.6430,linear_equations,linear_two_step,2,no,,
dc9c226a-cfc5-4d38-a305-f8ff4ef216d6,2026-08-06T01:39:22.675723+00:00,,rejected,solver,stage_evidence,answer key: derived answer disagrees,0.5107,,,,no,,
57325e2d-0900-44a7-9f2d-d3834a4daa6a,2026-08-06T01:39:22.675723+00:00,,rejected,validation,stage_evidence,answer leakage,0.0000,,,,no,,
30132d6c-171b-4fac-9e4e-d59d9cc16903,2026-08-06T01:39:22.675723+00:00,,rejected,solver,stage_evidence,answer key: derived answer disagrees,0.4476,,,,no,,
5046c6ec-8961-4145-953f-a314924d2264,2026-08-06T01:39:22.675723+00:00,,rejected,solver,stage_evidence,answer key: derived answer disagrees,0.8233,,,,no,,
21a454f7-0769-4a48-8166-4647002f1742,2026-08-06T01:39:22.675723+00:00,,pending,accepted,accepted,,0.6687,linear_equations,linear_two_step,2,no,,
29dbb665-7240-4d28-b60b-7b35a0ef7801,2026-08-06T01:39:22.675723+00:00,,rejected,judge,stage_evidence,hint ladder,1.0785,,,,no,,
f9bb6ca9-a2d9-4a71-9420-9c539474b6ee,2026-08-06T01:39:22.675723+00:00,,rejected,solver,stage_evidence,answer key: derived answer disagrees,0.5766,,,,no,,
b7d642af-ba31-4d86-b91f-1da201aab832,2026-08-06T01:39:22.675723+00:00,,rejected,solver,stage_evidence,answer key: derived answer disagrees,0.7878,,,,no,,
879a2521-b41d-4d59-a442-1c1cad2d379b,2026-08-06T01:39:22.675723+00:00,,rejected,solver,stage_evidence,answer key: derived answer disagrees,0.7192,,,,no,,
44b4b09b-5b73-4cc2-9aef-7a2efbb73c0f,2026-08-06T01:39:22.675723+00:00,,pending,accepted,accepted,,0.8066,linear_equations,linear_both_sides,4,no,,
887708e3-545d-45e6-b02f-8453fd15b85e,2026-08-06T01:39:22.675723+00:00,,rejected,judge,stage_evidence,options,1.2501,,,,no,,
874d364f-e580-4a69-bbad-7adac99e5e0f,2026-08-06T01:39:22.675723+00:00,,rejected,solver,stage_evidence,answer key: derived answer disagrees,0.8725,,,,no,,
417d862d-61ee-4142-8bcb-0fce6a1ddba8,2026-08-06T01:39:22.675723+00:00,,rejected,solver,stage_evidence,answer key: derived answer disagrees,0.5738,,,,no,,
b77b8ba3-6fc1-4e60-925d-e10b199475fa,2026-08-06T01:39:22.675723+00:00,,pending,accepted,accepted,,1.1127,linear_equations,linear_both_sides,4,no,,
c6833ab9-eefd-4855-84f1-85a318abffe3,2026-08-06T01:39:22.675723+00:00,,rejected,solver,stage_evidence,answer key: derived answer disagrees,0.8738,,,,no,,
e3b58528-bb79-420d-ad70-85e6216e5a2f,2026-08-06T01:39:22.675723+00:00,,rejected,solver,stage_evidence,answer key: derived answer disagrees,0.7751,,,,no,,
a076797f-d448-4b3d-90e5-85976364984b,2026-08-06T01:39:22.675723+00:00,,rejected,solver,stage_evidence,answer key: derived answer disagrees,0.6479,,,,no,,
8a395e1d-1cd3-4caa-a928-82d619fbaada,2026-08-06T01:39:22.675723+00:00,,pending,accepted,accepted,,0.6433,linear_equations,linear_one_step,1,no,,
7cd95a95-886c-4747-a0d6-10ece0bcb104,2026-08-06T01:39:22.675723+00:00,,rejected,validation,stage_evidence,answer leakage,0.0000,,,,no,,
ade0a2b5-b505-4d72-b493-9b67f3f28249,2026-08-06T01:39:22.675723+00:00,,rejected,solver,stage_evidence,answer key: derived answer disagrees,0.6155,,,,no,,
232e5f49-66e7-45d0-9dd2-c2336246158f,2026-08-06T01:39:22.675723+00:00,,rejected,solver,reason_text,other,0.9681,,,,no,,
9f9d3e55-0bea-486a-9a4e-f7fcf2756849,2026-08-06T01:39:22.675723+00:00,,rejected,solver,stage_evidence,answer key: derived answer disagrees,0.8093,,,,no,,
304dbf08-9438-49e7-8747-2a40ccf2b557,2026-08-06T01:39:22.675723+00:00,,rejected,solver,stage_evidence,answer key: derived answer disagrees,0.9340,,,,no,,
736ddad8-af07-46d7-a9d4-2e7fee5d388a,2026-08-06T01:39:22.675723+00:00,,rejected,judge,stage_evidence,hint ladder,0.7656,,,,no,,
23029121-8df8-4b4c-b695-931e455cf7f7,2026-08-06T01:39:22.675723+00:00,,rejected,solver,stage_evidence,answer key: derived answer disagrees,0.5096,,,,no,,
e88fc003-6dae-4ea5-97f0-929b21e178ba,2026-08-06T01:39:22.675723+00:00,,rejected,solver,stage_evidence,answer key: derived answer disagrees,0.3094,,,,no,,
5e0253a4-e017-4c09-9253-40ae48b7dbb3,2026-08-06T01:39:22.675723+00:00,,rejected,solver,stage_evidence,answer key: derived answer disagrees,0.3791,,,,no,,
39b40cb5-a76b-4c9c-8173-ffb60f58fc41,2026-08-06T01:39:22.675723+00:00,,rejected,solver,stage_evidence,answer key: derived answer disagrees,0.5163,,,,no,,
f3dbe9c6-7851-4ef5-bf6f-b884b79f743e,2026-08-06T01:39:22.675723+00:00,,rejected,budget,reason_text,other,0.0000,,,,no,,
cbb1832b-3a5d-4588-9691-6e8e1576aef7,2026-08-06T01:39:22.675723+00:00,,rejected,budget,reason_text,other,0.0000,,,,no,,
5037182f-7f13-468b-9e9c-2ad25c75eff3,2026-08-06T01:39:22.675723+00:00,,rejected,budget,reason_text,other,0.0000,,,,no,,
60c8bdd4-dbed-4a3f-bf9a-91079fcd2aa1,2026-08-06T01:39:22.675723+00:00,,rejected,budget,reason_text,other,0.0000,,,,no,,
2674affb-d4af-42a8-a5cd-c1dc0cf7a900,2026-08-06T03:58:03.048062+00:00,,rejected,generator,reason_text,options,0.0000,,,,no,,
80dade7e-d170-4ae6-8ab7-cffc65099551,2026-08-06T03:58:07.270996+00:00,,rejected,generator,reason_text,options,0.0000,,,,no,,
dc9f1f2f-a0da-455e-b50c-92a093c88418,2026-08-06T03:58:07.277382+00:00,,rejected,circuit_open,reason_text,other,0.0000,,,,no,,
93d77065-305b-4963-a894-05e7e9f13d3a,2026-08-06T03:58:07.282655+00:00,,rejected,circuit_open,reason_text,other,0.0000,,,,no,,
b170e942-bb0f-4483-aa98-128dbbf66698,2026-08-06T04:39:15.857863+00:00,,rejected,validation,stage_evidence,hint ladder,1.8765,,,,no,,
b3291d80-1ee5-4666-a6f7-c13cd143ac33,2026-08-06T04:39:48.086870+00:00,,rejected,validation,stage_evidence,answer leakage,4.5198,,,,no,,
f32b9b19-08d5-4c8d-9611-d4da39c6108b,2026-08-06T04:39:52.066738+00:00,,rejected,difficulty,stage_evidence,difficulty rubric,4.1148,,,,no,,
43b4a787-e0a7-4c6e-a45c-0833fbf2b391,2026-08-06T04:40:10.686966+00:00,,rejected,solver,stage_evidence,other,2.6989,,,,no,,
705cf622-2804-4516-9fb3-a9e37f69dfeb,2026-08-06T05:33:59.090344+00:00,,rejected,validation,stage_evidence,answer key: derived answer disagrees,2.4273,linear_equations,linear_both_sides,3,yes,yes,answer key: derived answer disagrees
5dbca7b7-a07c-46ac-b1d4-6ac122aa272e,2026-08-06T05:34:20.028233+00:00,,rejected,validation,stage_evidence,answer leakage,2.3655,linear_equations,linear_both_sides,3,yes,no,
cd48d347-0377-46d3-be6e-8d38e0e46cd5,2026-08-06T05:34:23.469332+00:00,,rejected,difficulty,stage_evidence,difficulty rubric,4.2783,linear_equations,linear_both_sides,4,yes,no,
69cbaf50-a114-4808-803b-4de6eb259591,2026-08-06T05:34:34.735514+00:00,,rejected,judge,stage_evidence,hint ladder,4.7361,linear_equations,linear_both_sides,4,yes,no,
df361113-6ad4-40fa-b1d9-981a3896a4bd,2026-08-06T05:55:11.772305+00:00,,pending,accepted,accepted,,4.2710,linear_equations,linear_both_sides,2,no,,
d63b7765-306d-47bb-817e-14fb184496e2,2026-08-06T05:55:40.221970+00:00,,pending,accepted,accepted,,4.0964,linear_equations,linear_both_sides,2,no,,
2719ac4e-cd2c-4233-8ada-9ab8f7786360,2026-08-06T05:55:57.261041+00:00,,rejected,validation,stage_evidence,answer key: derived answer disagrees,3.5493,linear_equations,linear_both_sides,4,yes,yes,answer key: derived answer disagrees
bcb40fe2-046c-4cfa-b2af-2f2c23c83028,2026-08-06T05:56:07.163425+00:00,,rejected,solver,stage_evidence,options,2.5577,linear_equations,linear_both_sides,4,yes,no,
0d8ca6fa-68b9-40ea-a85e-26995f76321c,2026-08-06T06:33:57.059257+00:00,,rejected,validation,stage_evidence,answer key: derived answer disagrees,2.6130,linear_equations,linear_both_sides,3,yes,yes,answer key: derived answer disagrees|math notation|other
6acd660f-b990-42fd-9c4e-5066fdddc4f3,2026-08-06T06:34:13.928443+00:00,,rejected,difficulty,stage_evidence,difficulty rubric,4.0163,linear_equations,linear_both_sides,4,yes,no,
6856d72c-b7d8-4828-ab7e-f27cd6fcc9bf,2026-08-06T06:34:40.602017+00:00,,rejected,solver,stage_evidence,options,3.2467,linear_equations,linear_both_sides,5,yes,no,
8890a2cc-0935-4f9f-a6ce-e7405106781e,2026-08-06T06:34:54.699612+00:00,,rejected,difficulty,stage_evidence,difficulty rubric,4.0902,linear_equations,linear_distribute,5,yes,no,
99e633b5-94fa-4892-8288-de8e40b62279,2026-08-06T06:35:10.212900+00:00,,rejected,validation,stage_evidence,answer key: derived answer disagrees,4.0455,linear_equations,linear_neg_frac_coeff,2,yes,yes,answer key: derived answer disagrees|math notation
bb8a50e0-88ea-4cb2-9582-a5a7803de021,2026-08-06T06:35:18.651005+00:00,,rejected,validation,stage_evidence,answer key: derived answer disagrees,3.5070,linear_equations,linear_neg_frac_coeff,3,yes,yes,answer key: derived answer disagrees|math notation|readability
23a31cfe-7014-487e-938a-051287458ba7,2026-08-06T06:35:30.472795+00:00,,rejected,validation,stage_evidence,answer key: derived answer disagrees,4.5615,linear_equations,linear_neg_frac_coeff,4,yes,yes,answer key: derived answer disagrees|math notation
db4e9125-31cb-4d2f-83a0-d733477eccb5,2026-08-06T06:35:33.477158+00:00,,pending,accepted,accepted,,3.6038,linear_equations,linear_one_step,2,no,,
336a8bc6-7e26-49b2-a3c1-cfdebfcb6dbc,2026-08-06T06:35:41.863429+00:00,,pending,accepted,accepted,,3.8420,linear_equations,linear_two_step,2,no,,
576c0962-509e-486b-abb5-253eb108f1ef,2026-08-06T06:35:58.646024+00:00,,pending,accepted,accepted,,3.5942,linear_equations,linear_two_step,2,no,,
7e687065-db23-4ceb-90fd-1566c247b273,2026-08-06T06:36:17.917267+00:00,,rejected,generator,stage_evidence,other,5.7549,linear_equations,linear_two_step,3,no,,
c582913a-ec0d-4d8a-bf0e-7d9c90d04221,2026-08-06T15:43:37.050404+00:00,,rejected,generator,stage_evidence,other,0.0000,linear_equations,linear_both_sides,3,no,,
3319b3b0-8dab-48bd-b38e-93691352b470,2026-08-06T15:44:28.280391+00:00,,rejected,generator,stage_evidence,other,0.0000,linear_equations,linear_both_sides,4,no,,
c9fbbec3-93a4-451a-96a6-bbbe8c125d63,2026-08-06T15:44:28.286545+00:00,,rejected,circuit_open,stage_evidence,other,0.0000,linear_equations,linear_both_sides,5,no,,
38ae701f-23af-4062-8b4e-11d69cf18568,2026-08-06T15:44:28.292758+00:00,,rejected,circuit_open,stage_evidence,other,0.0000,linear_equations,linear_distribute,5,no,,
2ed8c795-8ad1-4993-97e7-cf7e62f26006,2026-08-06T15:44:28.296772+00:00,,rejected,circuit_open,stage_evidence,other,0.0000,linear_equations,linear_neg_frac_coeff,2,no,,
8c27cdad-33ab-4ca6-9661-7355df78ed9f,2026-08-06T15:44:28.300720+00:00,,rejected,circuit_open,stage_evidence,other,0.0000,linear_equations,linear_neg_frac_coeff,3,no,,
f73aad42-8aa6-467d-8e75-153a3136a390,2026-08-06T15:44:28.308556+00:00,,rejected,circuit_open,stage_evidence,other,0.0000,linear_equations,linear_neg_frac_coeff,4,no,,
152877f7-019a-45a7-8b51-f322eb22c0c0,2026-08-06T15:44:28.312582+00:00,,rejected,circuit_open,stage_evidence,other,0.0000,linear_equations,linear_one_step,1,no,,
8ab9c8a2-8dc4-4b62-a076-13113aa08054,2026-08-06T15:44:28.315341+00:00,,rejected,circuit_open,stage_evidence,other,0.0000,linear_equations,linear_two_step,1,no,,
d282a858-7a8f-41ec-8126-a5f450bfae5f,2026-08-06T15:44:28.318331+00:00,,rejected,circuit_open,stage_evidence,other,0.0000,linear_equations,linear_two_step,2,no,,
69ddf9d9-dfd1-465f-8307-581892d07a53,2026-08-06T15:44:28.321461+00:00,,rejected,circuit_open,stage_evidence,other,0.0000,linear_equations,linear_two_step,3,no,,
21825ddf-1a8b-41d2-bc9a-d8ec2dcc85c3,2026-08-06T15:50:51.139016+00:00,,rejected,validation,stage_evidence,answer key: derived answer disagrees,4.7046,linear_equations,linear_both_sides,3,yes,yes,answer key: derived answer disagrees
424cb110-2287-4c39-a308-7da70179c6ef,2026-08-06T15:50:51.139016+00:00,,rejected,validation,stage_evidence,answer key: derived answer disagrees,2.7204,linear_equations,linear_both_sides,3,yes,yes,answer key: derived answer disagrees
85438bb7-857d-483c-ba52-bcc733508bf0,2026-08-06T15:51:49.560964+00:00,,rejected,difficulty,stage_evidence,difficulty rubric,4.6455,linear_equations,linear_both_sides,4,yes,no,
8eb4181e-1750-452b-a0a1-064d57f07a59,2026-08-06T15:52:50.860533+00:00,,rejected,difficulty,stage_evidence,difficulty rubric,4.0368,linear_equations,linear_both_sides,5,yes,no,
35a7a295-a0b0-4741-9b39-7070bc49e59f,2026-08-06T15:53:21.988862+00:00,,rejected,difficulty,stage_evidence,difficulty rubric,4.0512,linear_equations,linear_distribute,5,yes,no,
6e1517ce-e366-404a-9264-d92fcc21ae36,2026-08-06T15:53:43.817439+00:00,,rejected,judge,stage_evidence,options,3.7482,linear_equations,linear_neg_frac_coeff,2,yes,no,
8a10b9c1-856a-4c67-aa27-09803715a08a,2026-08-06T15:53:43.817439+00:00,,rejected,generator,stage_evidence,other,0.0000,linear_equations,linear_neg_frac_coeff,2,no,,
486a4362-85b6-4f92-bfb5-a1da982bb35f,2026-08-06T15:54:37.344924+00:00,,pending,accepted,accepted,,4.7120,linear_equations,linear_neg_frac_coeff,2,no,,
a3446912-2559-4ebc-8034-f03e3279c983,2026-08-06T15:55:01.433969+00:00,,pending,accepted,accepted,,4.4833,linear_equations,linear_neg_frac_coeff,3,no,,
ee81b5f0-30eb-4e03-b8ef-067e959a2137,2026-08-06T15:55:29.993848+00:00,,pending,accepted,accepted,,3.7911,linear_equations,linear_one_step,2,no,,
aac0425c-31d6-4237-8c58-3ee4566e40d9,2026-08-06T15:55:52.882782+00:00,,rejected,solver,reason_text,other,2.1414,linear_equations,linear_two_step,1,yes,no,
c17a8c74-8ba0-4167-8057-9b6dbaf6aa17,2026-08-06T15:55:52.882782+00:00,,rejected,validation,stage_evidence,answer leakage,1.9302,linear_equations,linear_two_step,1,yes,no,
4f5de599-e17f-4905-950a-a68f34e24ced,2026-08-06T15:56:07.272030+00:00,,rejected,generator,stage_evidence,other,0.0000,linear_equations,linear_two_step,2,no,,
5ebad92c-ac8b-48e8-8999-8a113320a4a3,2026-08-06T15:56:07.278791+00:00,,rejected,circuit_open,stage_evidence,other,0.0000,linear_equations,linear_two_step,3,no,,
6277bf24-301f-468f-8579-d9f9b7970fc2,2026-08-06T16:21:45.010794+00:00,,rejected,design,stage_evidence,other,0.0000,,,,no,,
36464885-5897-460a-a4b8-8fc8c1661ec5,2026-08-06T16:21:48.792478+00:00,,rejected,design,stage_evidence,other,0.0000,,,,no,,
c09d98f1-5b0f-42d2-8025-03d04fe13b6a,2026-08-06T16:21:48.797245+00:00,,rejected,design,stage_evidence,other,0.0000,,,,no,,
544da45e-4846-4c46-bf9f-fb5e63dc73de,2026-08-06T16:31:30.942800+00:00,,rejected,solver,stage_evidence,answer key: derived answer disagrees,3.2452,linear_equations,linear_both_sides,3,yes,no,
3a5227da-2e84-439f-8237-127b03776382,2026-08-06T16:32:26.199536+00:00,,rejected,generator,stage_evidence,other,0.0000,linear_equations,linear_both_sides,4,no,,
18fb72c3-e084-4969-b8c1-cf631249e33e,2026-08-06T16:32:30.964521+00:00,,rejected,validation,stage_evidence,answer leakage,2.1717,linear_equations,linear_both_sides,5,yes,no,
03520675-1cf9-47b5-9d2d-8c3344642496,2026-08-06T16:33:01.657406+00:00,,rejected,validation,stage_evidence,answer leakage,2.1945,linear_equations,linear_distribute,5,yes,no,
7a9912aa-5fa9-49c6-be2c-4e9c3c701bcc,2026-08-06T16:33:20.749333+00:00,,rejected,judge,stage_evidence,options,4.0543,linear_equations,linear_neg_frac_coeff,2,yes,no,
40db76f2-b567-4206-a822-e281bc1e2656,2026-08-06T16:34:01.619574+00:00,,rejected,generator,stage_evidence,other,0.0000,linear_equations,linear_neg_frac_coeff,3,no,,
d221bef6-6f4a-4978-937b-0dc6482cb671,2026-08-06T16:34:17.073413+00:00,,rejected,judge,stage_evidence,hint ladder,5.3055,linear_equations,linear_neg_frac_coeff,4,yes,no,
611a64ca-2414-4de5-bc10-d653fbd9fb0f,2026-08-06T16:34:45.104081+00:00,,pending,accepted,accepted,,3.5412,linear_equations,linear_one_step,1,no,,
bfac3532-d7f3-4e46-99b5-dd741cdffc2d,2026-08-06T16:35:03.675703+00:00,,pending,accepted,accepted,,3.7660,linear_equations,linear_two_step,1,no,,
67b24d66-fda2-46b2-9f09-667024507707,2026-08-06T16:35:18.860055+00:00,,pending,accepted,accepted,,3.7588,linear_equations,linear_two_step,2,no,,
301aceef-f190-4397-8b84-6d418009287f,2026-08-06T16:35:44.642902+00:00,,rejected,solver,stage_evidence,options,3.5256,linear_equations,linear_two_step,3,yes,no,
c419d926-055b-4dad-9f10-717846e60550,2026-08-06T17:01:17.769101+00:00,,rejected,solver,reason_text,other,3.0014,linear_equations,linear_both_sides,3,yes,yes,math notation
bcc117ba-f6e8-48d9-8d43-27d2e318d7b3,2026-08-06T17:03:07.320933+00:00,,rejected,solver,reason_text,other,3.9143,linear_equations,linear_both_sides,4,yes,no,
99bb9ee5-5fa4-4021-8d9b-d3a50572da42,2026-08-06T17:03:34.639064+00:00,,rejected,solver,reason_text,other,2.7998,linear_equations,linear_both_sides,5,yes,no,
e0fe2f81-b67c-4eb1-b501-c753871805de,2026-08-06T17:04:59.927021+00:00,,rejected,design,stage_evidence,other,0.0000,,,,no,,
e5d8c465-d5d5-41ca-8d44-6484053b6e2c,2026-08-06T17:04:59.930968+00:00,,rejected,design,stage_evidence,other,0.0000,,,,no,,
8f31d25d-7a15-4a90-b435-ce5dba5d7c5d,2026-08-06T17:04:59.934999+00:00,,rejected,design,stage_evidence,other,0.0000,,,,no,,
16d90cae-febe-41fe-a957-b02a294fb7db,2026-08-06T17:04:59.941898+00:00,,rejected,design,stage_evidence,other,0.0000,,,,no,,
d6fca960-05d1-43ba-87e3-1b766d996949,2026-08-06T17:04:59.948773+00:00,,rejected,design,stage_evidence,other,0.0000,,,,no,,
1de6948b-2727-4739-bd3b-3d8af28234e6,2026-08-06T17:04:59.954190+00:00,,rejected,design,stage_evidence,other,0.0000,,,,no,,
f9c04682-a5d7-4fc2-86e2-e951846495e5,2026-08-06T17:04:59.957177+00:00,,rejected,design,stage_evidence,other,0.0000,,,,no,,
5b33809b-d01a-4e71-aaf6-2653732665f3,2026-08-06T17:04:59.959583+00:00,,rejected,design,stage_evidence,other,0.0000,,,,no,,
e322133f-37f9-4938-9807-acc5856757ae,2026-08-06T18:09:27.528776+00:00,,rejected,judge,reason_text,other,4.3294,linear_equations,linear_both_sides,3,yes,no,
e2efe4cd-687f-4157-ba92-ea5fc959b1e0,2026-08-06T18:10:41.160659+00:00,,rejected,generator,stage_evidence,other,0.7903,linear_equations,linear_both_sides,4,no,,
39ca3071-4241-4992-95c1-78574f414341,2026-08-06T18:10:55.634085+00:00,,pending,accepted,accepted,,3.9971,linear_equations,linear_both_sides,4,no,,
5b494976-907d-4fa1-b1fc-87387c2eb3b0,2026-08-06T18:11:22.973402+00:00,,rejected,generator,stage_evidence,other,0.7348,linear_equations,linear_distribute,5,no,,
06bd5cee-85c6-4ae8-a1a3-d70561eb77f9,2026-08-06T18:11:31.220650+00:00,,rejected,generator,stage_evidence,other,0.4423,linear_equations,linear_neg_frac_coeff,2,no,,
f6d1c7d0-94b3-466c-919b-26365b29af4b,2026-08-06T18:11:38.582610+00:00,,rejected,generator,stage_evidence,other,0.4098,linear_equations,linear_neg_frac_coeff,3,no,,
af63efd2-3af8-4e51-a2f3-d7ecc25c6cab,2026-08-06T18:11:52.770002+00:00,,pending,accepted,accepted,,3.9984,linear_equations,linear_neg_frac_coeff,4,no,,
9295fbac-2f42-4b73-b4cb-865d9dbf5458,2026-08-06T18:12:42.477813+00:00,,rejected,generator,stage_evidence,other,0.2628,linear_equations,linear_one_step,1,no,,
18c0967b-d7b1-48d8-b8f5-467e3a380f8a,2026-08-06T18:12:50.418326+00:00,,rejected,generator,stage_evidence,other,0.4273,linear_equations,linear_two_step,1,no,,
935d2940-d610-470a-82dc-ccf0794adbcc,2026-08-06T18:13:04.296738+00:00,,rejected,solver,reason_text,other,2.0290,linear_equations,linear_two_step,2,yes,no,
3dfc9385-472c-4f5e-aa68-9a6dfc8db987,2026-08-06T18:13:17.281465+00:00,,pending,accepted,accepted,,3.0903,linear_equations,linear_two_step,2,no,,
9b58fbf7-bcd3-4bc7-80ab-c58bf25d840c,2026-08-06T18:20:58.721942+00:00,,rejected,generator,stage_evidence,other,1.2388,linear_equations,linear_both_sides,3,no,,
e3db4100-3ad4-4f25-8334-d995860006dc,2026-08-06T18:21:29.440488+00:00,,rejected,generator,stage_evidence,other,0.5268,linear_equations,linear_both_sides,4,no,,
d31e491e-06b9-40e0-85f3-e90a1211b7e7,2026-08-06T18:21:49.148389+00:00,,pending,accepted,accepted,,4.1994,linear_equations,linear_both_sides,4,no,,
2e1a2fe0-ecd7-41ac-81aa-9a0aca1a1809,2026-08-06T18:22:25.379664+00:00,,rejected,generator,stage_evidence,other,0.5643,linear_equations,linear_distribute,5,no,,
5eef2059-33c9-4cab-a772-091fd88ca2f3,2026-08-06T18:22:34.558398+00:00,,rejected,generator,stage_evidence,other,0.4713,linear_equations,linear_neg_frac_coeff,2,no,,
8ac08688-33d6-4a4e-ba5f-7ae87081df68,2026-08-06T18:22:49.256649+00:00,,rejected,generator,stage_evidence,other,0.7968,linear_equations,linear_neg_frac_coeff,3,no,,
7d50f7b0-e284-4ded-96a9-085083d3ce3e,2026-08-06T18:23:01.138448+00:00,,rejected,judge,stage_evidence,options,3.4752,linear_equations,linear_neg_frac_coeff,4,yes,yes,answer leakage
33fbe0ac-1316-4808-8dd4-5ab42c35470b,2026-08-06T18:23:23.636843+00:00,,rejected,generator,stage_evidence,other,0.2218,linear_equations,linear_one_step,1,no,,
1fb3103b-0244-409d-907e-f607079d983b,2026-08-06T18:23:35.234076+00:00,,rejected,generator,stage_evidence,other,0.4423,linear_equations,linear_two_step,1,no,,
ded9a83e-f30f-4c23-b004-765ed532c43a,2026-08-06T18:23:48.977735+00:00,,rejected,generator,stage_evidence,other,0.6993,linear_equations,linear_two_step,2,no,,
ebdad1a4-000d-4464-86af-45072a91df30,2026-08-06T18:24:10.243929+00:00,,rejected,generator,stage_evidence,other,1.2163,linear_equations,linear_two_step,3,no,,
a2ce331c-b92c-461e-ac8f-923acfeee875,2026-08-06T18:33:30.157392+00:00,,pending,accepted,accepted,,5.2375,linear_equations,linear_both_sides,4,no,,
6eb2aa3d-d279-42b7-bff1-803afcadf84b,2026-08-06T18:34:32.149344+00:00,,pending,accepted,accepted,,9.3094,linear_equations,linear_both_sides,4,no,,
c51cf00d-6f69-431c-b9c0-c73864e8a3cc,2026-08-06T18:34:58.547486+00:00,,rejected,solver,reason_text,other,10.0711,linear_equations,linear_both_sides,5,yes,yes,math notation
8f3d0a41-41a0-4714-a903-7a4c9f4d4ac5,2026-08-06T18:35:34.011124+00:00,,pending,accepted,accepted,,5.8078,linear_equations,linear_distribute,5,no,,
a380708e-e379-47fe-a22e-b67a894b2654,2026-08-06T18:35:57.076324+00:00,,rejected,solver,reason_text,other,5.6629,linear_equations,linear_neg_frac_coeff,2,yes,no,
86d7876d-9e6a-4463-a095-953a71eadc2c,2026-08-06T18:36:15.207352+00:00,,rejected,judge,reason_text,other,6.7681,linear_equations,linear_neg_frac_coeff,3,yes,no,
15c613be-5d43-49ba-ad8a-b387a6630264,2026-08-06T18:36:45.092790+00:00,,pending,accepted,accepted,,11.6863,linear_equations,linear_neg_frac_coeff,4,no,,
3c9f84a5-a37d-44ac-9d20-5b178bacfaba,2026-08-06T18:37:15.666147+00:00,,pending,accepted,accepted,,4.1377,linear_equations,linear_one_step,1,no,,
e2e187e8-fa07-4642-a44e-e3f4114a2aab,2026-08-06T18:37:52.632963+00:00,,pending,accepted,accepted,,4.7908,linear_equations,linear_two_step,2,no,,
667eb21a-c4c4-46ad-b327-8c5920fd8c1c,2026-08-06T18:38:13.731166+00:00,,pending,accepted,accepted,,6.9421,linear_equations,linear_two_step,2,no,,
d4d4c7df-4873-4db8-9cc8-9a882c93c093,2026-08-06T18:38:28.899215+00:00,,rejected,solver,reason_text,other,5.5936,linear_equations,linear_two_step,3,yes,no,
43dc0326-279b-450f-9f61-c1a18d675d57,2026-08-06T18:48:28.976332+00:00,,pending,accepted,accepted,,5.1940,linear_equations,linear_both_sides,4,no,,
ddbe04a1-f94b-41f2-9b17-3be9e551a38a,2026-08-06T18:49:05.474784+00:00,,pending,accepted,accepted,,6.9761,linear_equations,linear_both_sides,4,no,,
15a0bed8-38cb-4e8c-b049-ff66e7d877ce,2026-08-06T18:49:25.541629+00:00,,rejected,solver,stage_evidence,answer key: derived answer disagrees,3.2335,linear_equations,linear_both_sides,4,yes,yes,answer key: derived answer disagrees
72d58984-1074-4703-98f2-8a6db4ad7e7d,2026-08-06T18:49:38.091306+00:00,,rejected,solver,reason_text,other,9.9076,linear_equations,linear_both_sides,4,yes,yes,math notation
1affea73-1ef2-4b8a-8e2a-514dc6410c2e,2026-08-06T18:50:16.678569+00:00,,rejected,solver,reason_text,other,8.7979,linear_equations,linear_both_sides,5,yes,yes,answer key: derived answer disagrees
46bb8df7-1da5-4b8b-8e59-e49c8230bb80,2026-08-06T18:50:47.156432+00:00,,pending,accepted,accepted,,5.8126,linear_equations,linear_both_sides,4,no,,
46b2af92-b4c9-418a-88cd-c77b2dcf1e76,2026-08-06T18:51:03.531757+00:00,,rejected,solver,reason_text,other,7.3549,linear_equations,linear_distribute,5,yes,no,
6f22eb31-d721-4695-9701-45afe0786605,2026-08-06T18:51:37.478152+00:00,,rejected,judge,reason_text,other,9.4944,linear_equations,linear_distribute,5,yes,no,
aef8b9a7-d22b-447b-a1b7-c8ce9ac592e7,2026-08-06T18:52:03.761565+00:00,,pending,accepted,accepted,,4.7596,linear_equations,linear_neg_frac_coeff,2,no,,
358b76c0-bb3b-4e88-86fc-5791b7268c37,2026-08-06T18:52:23.554763+00:00,,pending,accepted,accepted,,7.8421,linear_equations,linear_neg_frac_coeff,3,no,,
504931cf-f5bc-48df-a978-1374a8d19082,2026-08-06T18:52:42.635796+00:00,,pending,accepted,accepted,,6.8557,linear_equations,linear_neg_frac_coeff,3,no,,
5e291552-7bc9-4e6a-873e-52e92af568cf,2026-08-06T18:53:09.438819+00:00,,rejected,judge,stage_evidence,options,4.9786,linear_equations,linear_neg_frac_coeff,3,yes,yes,other
2509f20f-f364-4ce1-87bf-c5b01999379e,2026-08-06T18:53:34.858436+00:00,,pending,accepted,accepted,,10.2847,linear_equations,linear_neg_frac_coeff,4,no,,
2c3c0aa0-62fd-413f-993b-1c59648089ba,2026-08-06T18:54:04.219275+00:00,,rejected,difficulty,stage_evidence,difficulty rubric,5.6164,linear_equations,linear_neg_frac_coeff,4,yes,no,
0607d5f7-6305-45c6-b0d0-222b4930e699,2026-08-06T18:54:37.154867+00:00,,pending,accepted,accepted,,6.1492,linear_equations,linear_one_step,1,no,,
0c822dbf-bfb2-41cc-aa12-bed9825071a8,2026-08-06T18:54:59.276499+00:00,,rejected,solver,reason_text,other,6.7582,linear_equations,linear_one_step,1,yes,no,
c5892bd1-13ec-40a2-b8c6-bba9f895f081,2026-08-06T18:55:12.140823+00:00,,rejected,solver,reason_text,other,3.3058,linear_equations,linear_two_step,1,yes,no,
3bd56398-c48a-4825-82f5-6dbfab6c3998,2026-08-06T18:55:22.434969+00:00,,rejected,dedup,stage_evidence,other,2.0482,linear_equations,linear_two_step,1,yes,no,
53fc6e5e-773e-4e99-bb4f-7bb02a3d2a23,2026-08-06T18:55:32.851208+00:00,,pending,accepted,accepted,,6.7945,linear_equations,linear_two_step,2,no,,
cb04e967-f82b-43be-9900-d71fe9da1ad0,2026-08-06T18:55:52.213747+00:00,,pending,accepted,accepted,,6.6217,linear_equations,linear_two_step,2,no,,
7f92156e-0d32-4611-a0e3-fcbd5285e6c2,2026-08-06T18:56:21.688502+00:00,,rejected,solver,stage_evidence,answer key: derived answer disagrees,5.8471,linear_equations,linear_two_step,3,yes,no,
f4c193c2-4143-480b-83a4-1b657c5e0207,2026-08-06T18:56:47.263759+00:00,,pending,accepted,accepted,,9.2638,linear_equations,linear_two_step,2,no,,
37a82606-2c74-4cf5-aed8-48f3aca281d1,2026-08-07T03:12:31.872470+00:00,,rejected,circuit_open,stage_evidence,other,0.0000,,,,no,,
143a74db-42d5-42f4-8b83-bdce5f81b73f,2026-08-07T03:12:36.018015+00:00,,rejected,circuit_open,stage_evidence,other,0.0000,,,,no,,
1eb0e6e2-2930-451c-81d4-3871771280b5,2026-08-07T03:12:36.023351+00:00,,rejected,circuit_open,stage_evidence,other,0.0000,,,,no,,
e56a6570-0b3b-494d-9419-a8fc7f3387ec,2026-08-07T03:12:36.027008+00:00,,rejected,circuit_open,stage_evidence,other,0.0000,,,,no,,
f4affed8-1622-4836-9e0a-ffd83e26496b,2026-08-07T03:12:36.031037+00:00,,rejected,circuit_open,stage_evidence,other,0.0000,,,,no,,
944dcfee-cda9-4a2a-82c8-6a1febdb8609,2026-08-07T03:12:36.034528+00:00,,rejected,circuit_open,stage_evidence,other,0.0000,,,,no,,
c506b869-2230-4007-a9dd-6b595002dc28,2026-08-07T03:12:36.038055+00:00,,rejected,circuit_open,stage_evidence,other,0.0000,,,,no,,
a085583f-1047-4329-a887-5936d3122231,2026-08-07T03:12:36.041420+00:00,,rejected,circuit_open,stage_evidence,other,0.0000,,,,no,,
56ce0485-5664-46e5-8e18-e09d11377523,2026-08-07T03:12:36.044519+00:00,,rejected,circuit_open,stage_evidence,other,0.0000,,,,no,,
cc1dfa04-a066-425c-bc89-7a1594b0eb88,2026-08-07T03:12:36.047573+00:00,,rejected,circuit_open,stage_evidence,other,0.0000,,,,no,,
3002bed3-ae24-45ad-8bc7-0af56bb7c7c7,2026-08-07T03:12:36.051205+00:00,,rejected,circuit_open,stage_evidence,other,0.0000,,,,no,,
042f3fbd-d998-4cfd-92bd-d0715ec28211,2026-08-07T03:12:36.054824+00:00,,rejected,circuit_open,stage_evidence,other,0.0000,,,,no,,
6c6d3086-6051-44a4-bee7-5aa2478dab6a,2026-08-07T03:12:36.058401+00:00,,rejected,circuit_open,stage_evidence,other,0.0000,,,,no,,
5b94132e-0378-4045-87c3-2f177cd5f55f,2026-08-07T03:12:36.061508+00:00,,rejected,circuit_open,stage_evidence,other,0.0000,,,,no,,
650794d8-45e8-4c73-ab04-18101486f5a0,2026-08-09T21:30:22.950578+00:00,,rejected,solver,stage_evidence,answer key: derived answer disagrees,2.0355,linear_equations,linear_both_sides,3,yes,no,
c399807f-ab50-426b-b7b0-7fac8613c92a,2026-08-09T21:31:14.424722+00:00,,rejected,generator,stage_evidence,other,0.9718,linear_equations,linear_both_sides,3,no,,
32cf3fb5-c3aa-49f0-9cf5-3ce77b3a4399,2026-08-09T21:31:29.626979+00:00,,rejected,generator,stage_evidence,other,0.7708,linear_equations,linear_both_sides,4,no,,
3c227ac8-3f08-44bd-b1b1-421aa756c8db,2026-08-09T21:31:46.826334+00:00,,rejected,solver,stage_evidence,answer key: derived answer disagrees,1.7228,linear_equations,linear_both_sides,4,yes,yes,answer key: derived answer disagrees
eb337b93-096c-4f54-a7d9-c360cfab643c,2026-08-09T21:32:09.300458+00:00,,rejected,generator,stage_evidence,other,0.8273,linear_equations,linear_both_sides,5,no,,
0cecf650-184d-476c-aad8-677a68ca4e57,2026-08-09T21:32:40.932424+00:00,,rejected,solver,stage_evidence,answer key: derived answer disagrees,2.1492,linear_equations,linear_both_sides,5,yes,no,
8fae7751-67cc-495e-826e-7ae9fd94256d,2026-08-09T21:33:09.798738+00:00,,pending,accepted,accepted,,2.5451,linear_equations,linear_distribute,5,no,,
7062695f-095e-482d-8e51-e18b86e41e7d,2026-08-09T21:33:51.912533+00:00,,rejected,generator,stage_evidence,other,1.9253,linear_equations,linear_distribute,5,no,,
5a943177-5dca-429a-b4ff-5f916e5feab9,2026-08-09T21:34:05.906072+00:00,,rejected,generator,stage_evidence,other,0.7713,linear_equations,linear_neg_frac_coeff,2,no,,
975117e6-2317-4863-91aa-a2934c9981de,2026-08-09T21:34:21.380116+00:00,,pending,accepted,accepted,,1.8299,linear_equations,linear_neg_frac_coeff,3,no,,
c91533df-a47f-4c79-8857-e71f15cb42b9,2026-08-09T21:34:41.366187+00:00,,pending,accepted,accepted,,1.6716,linear_equations,linear_neg_frac_coeff,3,no,,
3347d6f7-c4d6-4cef-aa51-a21a3980d077,2026-08-09T21:35:03.000070+00:00,,rejected,generator,stage_evidence,other,0.3188,linear_equations,linear_neg_frac_coeff,3,no,,
e35193fb-3ff4-4acf-9a90-6e9dffecbcf6,2026-08-09T21:35:20.400927+00:00,,pending,accepted,accepted,,2.5653,linear_equations,linear_neg_frac_coeff,3,no,,
1bff57d9-0a07-4d51-a7e6-e4b4af283b85,2026-08-09T21:36:01.568032+00:00,,rejected,generator,stage_evidence,other,1.3283,linear_equations,linear_neg_frac_coeff,4,no,,
83a2883a-df25-4df8-9636-f498b361d099,2026-08-09T21:36:13.463092+00:00,,pending,accepted,accepted,,1.6255,linear_equations,linear_one_step,1,no,,
dc2a9341-392d-4755-a5c7-73ab0551ea8b,2026-08-09T21:36:39.870586+00:00,,rejected,generator,stage_evidence,other,0.6168,linear_equations,linear_one_step,1,no,,
ffbf9431-a09b-4164-814a-948e8d3e7e0e,2026-08-09T21:36:52.237432+00:00,,pending,accepted,accepted,,1.7499,linear_equations,linear_two_step,2,no,,
69a1bf41-f5bf-4360-ad43-f36e6c63c136,2026-08-09T21:37:24.041160+00:00,,pending,accepted,accepted,,2.3615,linear_equations,linear_two_step,2,no,,
97487be4-e2b7-4ac8-a143-d641b61888ce,2026-08-09T21:37:53.463642+00:00,,pending,accepted,accepted,,1.7688,linear_equations,linear_two_step,2,no,,
c038fa30-12ad-4115-88d9-e3a5082bdc32,2026-08-09T21:38:17.049478+00:00,,rejected,generator,stage_evidence,other,0.4168,linear_equations,linear_two_step,2,no,,
e9703137-934e-49bf-b75a-abcc8f315958,2026-08-09T21:38:38.955794+00:00,,pending,accepted,accepted,,2.5152,linear_equations,linear_two_step,2,no,,
4f6622bb-3e25-4bd3-9ffe-d1c14134be17,2026-08-09T21:39:15.002468+00:00,,pending,accepted,accepted,,2.5297,linear_equations,linear_two_step,2,no,,
9295ec86-2364-4eab-8c40-a230e20908d7,2026-08-09T21:41:40.410083+00:00,,rejected,generator,stage_evidence,other,1.1128,linear_equations,linear_both_sides,3,no,,
4b45a5eb-b63d-4fdc-8ffb-463c283afdad,2026-08-09T21:42:22.829544+00:00,,rejected,generator,stage_evidence,other,0.4593,linear_equations,linear_both_sides,3,no,,
7d56364f-da46-4cf8-928e-cd1cc0d47aa8,2026-08-09T21:42:35.483818+00:00,,rejected,generator,stage_evidence,other,0.5373,linear_equations,linear_both_sides,4,no,,
1cfc8ad1-6f6a-46ce-b8c1-3f5a9e4a1b53,2026-08-09T21:43:01.494323+00:00,,rejected,solver,stage_evidence,options,3.3471,linear_equations,linear_both_sides,4,yes,no,
60ddd0ba-2fd3-482d-bcd6-b065370dda47,2026-08-09T21:43:36.465950+00:00,,rejected,solver,reason_text,other,1.4300,linear_equations,linear_both_sides,5,yes,no,
239f6184-f7e6-4573-b730-d52e6c737dd1,2026-08-09T21:44:00.602545+00:00,,rejected,solver,stage_evidence,answer key: derived answer disagrees,1.3206,linear_equations,linear_both_sides,5,yes,yes,readability
f54a7bb3-1b09-4a0f-837d-6c09afea8013,2026-08-09T21:47:38.854248+00:00,,rejected,generator,stage_evidence,other,0.0000,linear_equations,linear_distribute,5,no,,
7e9887ab-3ae9-40e7-bed0-9975250887f2,2026-08-09T21:47:57.454249+00:00,,rejected,circuit_open,stage_evidence,other,0.0000,,,,no,,
61d7ae74-7117-485a-ac6d-126b0ec3fbf7,2026-08-09T21:47:57.461510+00:00,,rejected,circuit_open,stage_evidence,other,0.0000,,,,no,,
4b4aa2f6-3cd5-4cdc-a846-25f8446c9c22,2026-08-09T21:47:57.467225+00:00,,rejected,circuit_open,stage_evidence,other,0.0000,,,,no,,
088e7b71-dcef-419d-bb49-466d9c9d3a45,2026-08-09T21:47:57.473091+00:00,,rejected,circuit_open,stage_evidence,other,0.0000,,,,no,,
0051988d-f499-4b45-beba-66fccdab83ab,2026-08-09T21:47:57.479026+00:00,,rejected,circuit_open,stage_evidence,other,0.0000,,,,no,,
31a15059-de3a-4835-8dd7-0b0d12a7ebb1,2026-08-09T21:47:57.483374+00:00,,rejected,circuit_open,stage_evidence,other,0.0000,,,,no,,
5146f571-1aec-41b7-ad1c-1a28ea1d8db9,2026-08-09T21:47:57.487589+00:00,,rejected,circuit_open,stage_evidence,other,0.0000,,,,no,,
de5a3f39-98bc-4425-aa9e-06f6b632cd66,2026-08-09T21:47:57.493138+00:00,,rejected,circuit_open,stage_evidence,other,0.0000,,,,no,,
42639262-75a4-44fb-be6c-c22bff8709e7,2026-08-09T21:47:57.497390+00:00,,rejected,circuit_open,stage_evidence,other,0.0000,,,,no,,
0be9432d-5441-4ab9-9ffb-4b93da49d27c,2026-08-09T21:47:57.501395+00:00,,rejected,circuit_open,stage_evidence,other,0.0000,,,,no,,
79cba463-489b-4617-aa13-a0131b5209dc,2026-08-09T21:47:57.505179+00:00,,rejected,circuit_open,stage_evidence,other,0.0000,,,,no,,
c51405df-f207-467e-9b0e-6af5319f64f1,2026-08-09T21:47:57.509136+00:00,,rejected,circuit_open,stage_evidence,other,0.0000,,,,no,,
5520c200-f69b-40d4-873b-dfeb4e97ba0e,2026-08-09T21:47:57.513701+00:00,,rejected,circuit_open,stage_evidence,other,0.0000,,,,no,,
fd2e3339-a4da-4d7f-8336-a10ea3399679,2026-08-09T21:47:57.517824+00:00,,rejected,circuit_open,stage_evidence,other,0.0000,,,,no,,
1f28f5c1-79ec-47f4-85d9-8a6fb68b1b5c,2026-08-09T21:47:57.522501+00:00,,rejected,circuit_open,stage_evidence,other,0.0000,,,,no,,
a7ae7002-4f67-402c-b6fa-69f08e5dfbdd,2026-08-10T04:22:25.899447+00:00,,rejected,generator,stage_evidence,options,0.6318,linear_equations,linear_both_sides,3,no,,
3e6ec0f1-a445-49f3-83dd-88967ff01fe6,2026-08-10T04:22:55.638708+00:00,,rejected,generator,stage_evidence,options,0.4558,linear_equations,linear_both_sides,4,no,,
cff77e31-406f-4818-9efe-e050caf9cecb,2026-08-10T04:23:13.707299+00:00,,rejected,solver,stage_evidence,answer key: derived answer disagrees,1.6019,linear_equations,linear_both_sides,5,yes,no,
622a46f6-70e4-4e0e-9141-02e315a76194,2026-08-10T04:23:33.387426+00:00,,rejected,generator,stage_evidence,options,0.7893,linear_equations,linear_distribute,5,no,,
4933faf3-fc57-498f-807d-ac1b42b54e49,2026-08-10T04:23:44.423845+00:00,,rejected,generator,stage_evidence,options,0.5243,linear_equations,linear_neg_frac_coeff,2,no,,
07eb5df3-cd0e-430a-be73-74588bc3eabc,2026-08-10T04:24:03.601411+00:00,,pending,accepted,accepted,,3.0261,linear_equations,linear_neg_frac_coeff,3,no,,
c22d775d-515d-4bde-8955-4437e54e50a5,2026-08-10T04:24:45.755175+00:00,,rejected,solver,stage_evidence,answer key: derived answer disagrees,2.7697,linear_equations,linear_neg_frac_coeff,4,yes,yes,answer key: derived answer disagrees
ad583f19-d937-4014-86aa-aebcdd3b2e52,2026-08-10T04:25:15.456061+00:00,,rejected,generator,stage_evidence,options,0.2358,linear_equations,linear_one_step,1,no,,
70ebc982-46ed-4e33-8844-843383b5a59b,2026-08-10T04:25:30.544667+00:00,,pending,accepted,accepted,,1.9300,linear_equations,linear_two_step,2,no,,
e9634bdb-65b6-4c76-8152-7a936e74bab8,2026-08-10T04:25:52.645081+00:00,,rejected,generator,stage_evidence,options,0.3198,linear_equations,linear_two_step,2,no,,
c83c8183-b6e0-43f9-9628-a8a9fa95fa18,2026-08-10T04:26:07.172430+00:00,,pending,accepted,accepted,,1.9721,linear_equations,linear_two_step,3,no,,
50d84531-546a-473d-a225-993f3035c69e,2026-08-10T04:28:15.762506+00:00,,pending,accepted,accepted,,2.5305,linear_equations,linear_two_step,2,no,,
f15c0dc9-5125-4309-89cf-28d44399ba20,2026-08-10T04:29:10.023215+00:00,,rejected,generator,stage_evidence,options,0.7948,linear_equations,linear_two_step,3,no,,
6ffbcc49-71f9-4bd1-96f9-e84ad012818d,2026-08-10T04:37:10.217854+00:00,,pending,accepted,accepted,,2.0807,linear_equations,linear_both_sides,4,no,,
271adbe2-a4e9-42bc-97d2-0bc62a3410ec,2026-08-10T04:38:04.381501+00:00,,rejected,generator,stage_evidence,other,1.2524,linear_equations,linear_both_sides,4,no,,
bfa21e4d-c1f3-4109-8410-5721a8abd011,2026-08-10T04:38:22.743846+00:00,,rejected,solver,stage_evidence,options,2.0607,linear_equations,linear_both_sides,5,yes,no,
dc42bbe8-d45d-42d6-a13b-6f258021dcae,2026-08-10T04:38:49.929366+00:00,,rejected,judge,stage_evidence,answer leakage,2.5940,linear_equations,linear_distribute,5,yes,no,
8bf7af5e-c2b0-4007-9b8e-00904b5f2bb3,2026-08-10T04:39:23.413291+00:00,,pending,accepted,accepted,,1.6221,linear_equations,linear_neg_frac_coeff,3,no,,
cddb804d-d7da-4ef8-9b13-d47bc5ab9132,2026-08-10T04:39:47.990804+00:00,,pending,accepted,accepted,,1.6830,linear_equations,linear_neg_frac_coeff,2,no,,
5a6a0db3-35d5-44e3-90ee-25325a635684,2026-08-10T04:40:13.384388+00:00,,pending,accepted,accepted,,1.8863,linear_equations,linear_neg_frac_coeff,3,no,,
02073e8f-d3da-4623-b9b7-da7e8e7b4c10,2026-08-10T04:40:37.773944+00:00,,rejected,judge,stage_evidence,hint ladder,2.1906,linear_equations,linear_one_step,1,yes,no,
7cb26fac-5eb3-443b-b03c-c475a3e13bee,2026-08-10T04:41:08.176938+00:00,,rejected,judge,stage_evidence,hint ladder,1.7288,linear_equations,linear_two_step,1,yes,no,
8fa65dae-b065-473e-ac48-050c490dfab6,2026-08-10T04:41:35.124170+00:00,,pending,accepted,accepted,,1.9844,linear_equations,linear_two_step,2,no,,
7eb893b0-2c0d-42ff-aaa4-be53f71435b8,2026-08-10T04:42:05.228279+00:00,,pending,accepted,accepted,,1.7060,linear_equations,linear_two_step,2,no,,
d806944c-f6a7-408b-b7e8-aca51b10d79d,2026-08-10T05:20:44.807479+00:00,,rejected,design,stage_evidence,other,0.3951,,,,no,,
2bcffe94-690d-41dd-81fe-47c2792bb63a,2026-08-10T13:02:27.963709+00:00,,pending,accepted,accepted,,1.9069,linear_equations,linear_both_sides,4,no,,
89942eed-8246-4e3c-98e9-443aeafbfbe4,2026-08-10T13:03:27.223610+00:00,,pending,accepted,accepted,,2.9910,linear_equations,linear_both_sides,4,no,,
4b1179ff-8bc8-49f6-8151-033cf884888f,2026-08-10T13:04:02.598536+00:00,,rejected,solver,reason_text,other,1.8694,linear_equations,linear_both_sides,5,yes,no,
2d302fa8-c942-445e-a12e-85a4837a229c,2026-08-10T13:04:27.481306+00:00,,rejected,difficulty,stage_evidence,difficulty rubric,2.1493,linear_equations,linear_distribute,5,yes,no,
52ef483e-743d-40e0-b5a3-73e5004b7569,2026-08-10T13:05:03.786723+00:00,,pending,accepted,accepted,,1.6545,linear_equations,linear_neg_frac_coeff,3,no,,
97baf559-a62f-4329-87b9-7a2772a02c98,2026-08-10T13:05:30.615929+00:00,,rejected,solver,reason_text,other,1.3221,linear_equations,linear_neg_frac_coeff,3,yes,no,
4a2e43e4-2727-4ea0-9db5-a470b86e4297,2026-08-10T13:05:56.365955+00:00,,pending,accepted,accepted,,2.3041,linear_equations,linear_neg_frac_coeff,3,no,,
eafe1929-2f66-4575-bfd6-d96b853684c7,2026-08-10T13:06:26.732076+00:00,,pending,accepted,accepted,,1.5683,linear_equations,linear_one_step,1,no,,
e712bacb-090b-4048-9689-dad043a951c9,2026-08-10T13:06:54.775065+00:00,,pending,accepted,accepted,,1.7940,linear_equations,linear_two_step,2,no,,
57967830-b890-46e5-a6a4-3bd35387e507,2026-08-10T13:07:33.909727+00:00,,rejected,solver,stage_evidence,options,2.1487,linear_equations,linear_two_step,2,yes,yes,answer key: several options match|options
eabc4de6-a190-4961-b165-ca93768b0190,2026-08-10T13:07:56.688206+00:00,,pending,accepted,accepted,,1.7146,linear_equations,linear_two_step,2,no,,
b434b516-c78c-411e-888c-8f9ea03dd741,2026-08-11T09:37:02.277675+00:00,,pending,accepted,accepted,,2.5608,g1_addition,g1_add_within_10,1,no,,
0741f9ed-cba2-4c05-9d3e-d05ca9f976f5,2026-08-11T09:37:56.713403+00:00,,pending,accepted,accepted,,2.3395,g1_addition,g1_add_within_10,2,no,,
a9522005-0066-457d-8fdf-eaddcf88cc67,2026-08-11T09:38:31.839877+00:00,,pending,accepted,accepted,,2.5212,g1_addition,g1_add_within_10,2,no,,
dd812c8e-bb78-43dd-93e3-271f3d42e450,2026-08-11T09:38:58.971901+00:00,,pending,accepted,accepted,,2.5213,g1_addition,g1_add_within_10,1,no,,
b4b2d883-a9b6-45e3-8cf2-b6b991d0bcf3,2026-08-11T09:39:37.679343+00:00,,pending,accepted,accepted,,2.5135,g1_addition,g1_add_within_20,2,no,,
7acf7355-2296-4ffb-9a15-e1028b98bd5f,2026-08-11T09:40:06.150731+00:00,,pending,accepted,accepted,,1.9053,g1_addition,g1_add_within_20,2,no,,
18fc7405-a6d6-47f2-a393-da9bcb9c61b4,2026-08-11T09:40:37.484271+00:00,,pending,accepted,accepted,,2.7247,g1_addition,g1_add_within_20,4,no,,
4726b01a-51bc-4c55-82b7-4868e5bfcd3e,2026-08-11T09:41:13.721537+00:00,,pending,accepted,accepted,,2.6080,g1_addition,g1_add_within_20,3,no,,
262e4130-c20d-4edb-b8d3-9b0e8df61985,2026-08-11T09:41:48.654695+00:00,,pending,accepted,accepted,,2.4766,g1_addition,g1_add_within_20,4,no,,
24890faa-fb49-473a-af50-d8a740670ea8,2026-08-11T09:42:22.370835+00:00,,pending,accepted,accepted,,2.4580,g1_addition,g1_add_within_20,4,no,,
ca464ccb-5e30-4a62-b4bc-94bc6f0008ca,2026-08-11T09:42:55.403654+00:00,,pending,accepted,accepted,,2.5554,g1_addition,g1_add_within_28,3,no,,
9c1ecf74-e1aa-441a-a74b-1889b9299744,2026-08-11T09:43:28.104614+00:00,,pending,accepted,accepted,,2.2508,g1_addition,g1_add_within_28,3,no,,
e7807999-129f-4b6b-8657-494240413747,2026-08-11T09:43:58.806986+00:00,,pending,accepted,accepted,,2.4327,g1_addition,g1_add_within_28,4,no,,
773be0c9-f39e-4d79-9399-e8765c7ca082,2026-08-11T09:44:28.810672+00:00,,rejected,judge,stage_evidence,options,2.3284,g1_addition,g1_add_within_28,5,yes,no,
a07bbccc-c0d1-400c-b26e-e3e6bbf7b50b,2026-08-11T09:46:18.720839+00:00,,pending,accepted,accepted,,2.3607,g1_subtraction,g1_sub_three_numbers,5,no,,
ea6b4187-eed6-4133-b23c-9a5d63949418,2026-08-11T09:47:10.250161+00:00,,pending,accepted,accepted,,2.6103,g1_subtraction,g1_sub_three_numbers,4,no,,
99ba6f68-8be3-4d81-a4dd-da22b7f62a21,2026-08-11T09:47:41.373543+00:00,,pending,accepted,accepted,,2.0155,g1_subtraction,g1_sub_within_10,1,no,,
51301d8c-c321-4bef-929b-b2100db8a427,2026-08-11T09:48:12.966808+00:00,,pending,accepted,accepted,,2.0446,g1_subtraction,g1_sub_within_10,2,no,,
964ce518-30bd-48f8-a7af-529bc5dd05e3,2026-08-11T09:48:45.023963+00:00,,pending,accepted,accepted,,2.1226,g1_subtraction,g1_sub_within_10,2,no,,
088271f6-a65c-4171-9301-319d0a7865f3,2026-08-11T09:49:13.230864+00:00,,pending,accepted,accepted,,2.3899,g1_subtraction,g1_sub_within_10,2,no,,
4108aa07-6ca3-4c68-9dc9-7d106907788a,2026-08-11T09:49:46.153936+00:00,,pending,accepted,accepted,,2.4042,g1_subtraction,g1_sub_within_20,2,no,,
deb6ee5d-e821-4dce-8899-b33e2ff235a4,2026-08-11T09:50:18.157830+00:00,,pending,accepted,accepted,,3.0112,g1_subtraction,g1_sub_within_20,4,no,,
7f6bfc4b-2567-4433-bad2-a415f19a627e,2026-08-11T09:50:56.133686+00:00,,pending,accepted,accepted,,2.6477,g1_subtraction,g1_sub_within_20,4,no,,
83157291-5fc2-4aa0-855f-4a4635811e2b,2026-08-11T09:51:32.755304+00:00,,pending,accepted,accepted,,2.5819,g1_subtraction,g1_sub_within_20,4,no,,
8b97e21f-67f7-4541-b73e-2b2e9c0ab902,2026-08-11T09:51:45.968962+00:00,,pending,accepted,accepted,,2.3953,g1_word_problems,g1_wp_choose_operation,3,no,,
04dd2e6a-cab9-400a-a209-8661e90d80dd,2026-08-11T09:52:46.661765+00:00,,pending,accepted,accepted,,2.7301,g1_word_problems,g1_wp_choose_operation,2,no,,
fde2b189-c34c-4f05-8e5c-ceef607f882a,2026-08-11T09:53:17.719976+00:00,,pending,accepted,accepted,,2.4178,g1_word_problems,g1_wp_choose_operation,4,no,,
43d6c9a9-ec7b-407a-8542-31373901ee32,2026-08-11T09:53:51.096437+00:00,,pending,accepted,accepted,,2.8094,g1_word_problems,g1_wp_choose_operation,4,no,,
49ca7d60-c879-4020-be4d-ba67d134269f,2026-08-11T09:54:32.353343+00:00,,pending,accepted,accepted,,2.5405,g1_word_problems,g1_wp_choose_operation,2,no,,
c2b9ab00-ac30-4fd5-bdde-843c404550e0,2026-08-11T09:55:01.756607+00:00,,pending,accepted,accepted,,2.7275,g1_word_problems,g1_wp_choose_operation,4,no,,
17d06f63-0642-4846-ab84-287adb444b73,2026-08-11T09:55:32.537018+00:00,,pending,accepted,accepted,,1.9307,g1_word_problems,g1_wp_single_operation,1,no,,
6083e818-064e-44df-adae-42ea9a5c50db,2026-08-11T09:56:02.383861+00:00,,pending,accepted,accepted,,2.7275,g1_word_problems,g1_wp_single_operation,4,no,,
60df9820-d85e-46f3-9928-d6e6eff8736f,2026-08-11T09:56:34.203958+00:00,,pending,accepted,accepted,,2.5678,g2_addition,g2_add_multi_digit,4,no,,
72e28319-e952-488a-9936-9f86fde64824,2026-08-11T09:57:46.518470+00:00,,pending,accepted,accepted,,2.8057,g2_addition,g2_add_multi_digit,3,no,,
3af79664-a553-4364-85b9-fdfc9871eead,2026-08-11T09:58:17.228335+00:00,,rejected,difficulty,stage_evidence,difficulty rubric,2.3514,g2_addition,g2_add_three_numbers,5,yes,no,
224a0446-d938-445b-8a7f-8875e6b875f7,2026-08-11T09:58:46.316829+00:00,,pending,accepted,accepted,,2.3577,g2_addition,g2_add_three_numbers,5,no,,
753bfb8d-de0a-4a3b-95f6-5bc10ffb8ce2,2026-08-11T10:14:52.004677+00:00,,rejected,judge,stage_evidence,hint ladder,2.1995,g2_addition,g2_add_within_100,1,yes,no,
8af3534b-b337-48fc-8f50-6502a2ef41d5,2026-08-11T10:15:16.164689+00:00,,pending,accepted,accepted,,2.0109,g2_addition,g2_add_within_100,1,no,,
f505f623-8bc3-4d1b-9b53-f424a2a4dd34,2026-08-11T10:15:45.137194+00:00,,pending,accepted,accepted,,2.3150,g2_addition,g2_add_within_100,2,no,,
cb89cf51-72d2-4619-a5d1-63b708d8b1ce,2026-08-11T10:16:11.236799+00:00,,pending,accepted,accepted,,2.0814,g2_addition,g2_add_within_100,2,no,,
e83b08eb-640c-45ad-9169-20adeae29bf8,2026-08-11T10:16:42.670817+00:00,,pending,accepted,accepted,,2.5577,g2_addition,g2_add_within_100,3,no,,
de3748c6-c7a9-4d18-b1b5-55ce42c8940c,2026-08-11T10:17:13.193254+00:00,,pending,accepted,accepted,,2.4305,g2_addition,g2_add_within_100,2,no,,
ef278152-5139-4362-8459-0a248e6e0d7d,2026-08-11T10:17:26.218856+00:00,,pending,accepted,accepted,,2.8504,g2_subtraction,g2_sub_multi_digit,4,no,,
255dcb3a-b228-4b80-aa1e-2f921388a930,2026-08-11T10:18:28.510443+00:00,,pending,accepted,accepted,,2.6190,g2_subtraction,g2_sub_multi_digit,4,no,,
50412dc0-472a-4c29-a713-9661dec03c92,2026-08-11T10:19:02.751565+00:00,,rejected,difficulty,stage_evidence,difficulty rubric,2.7421,g2_subtraction,g2_sub_three_numbers,5,yes,no,
efac9970-8d6f-4e5f-b34d-eac94f9af35a,2026-08-11T10:19:31.786538+00:00,,pending,accepted,accepted,,2.2126,g2_subtraction,g2_sub_three_numbers,4,no,,
83d279cb-7f83-4650-87b4-9b1453627d6e,2026-08-11T10:20:03.558659+00:00,,pending,accepted,accepted,,2.3754,g2_subtraction,g2_sub_two_digit,1,no,,
25805287-02c3-43c3-9d9d-9f148ad13e3f,2026-08-11T10:20:35.202527+00:00,,pending,accepted,accepted,,2.4869,g2_subtraction,g2_sub_two_digit,2,no,,
bd02ea78-7555-45f7-bcc5-77601499f0ce,2026-08-11T10:21:07.626547+00:00,,pending,accepted,accepted,,2.5421,g2_subtraction,g2_sub_two_digit,2,no,,
c97fad53-f16c-4a11-b0a7-395b40e39638,2026-08-11T10:22:01.907003+00:00,,pending,accepted,accepted,,2.5493,g2_subtraction,g2_sub_two_digit,2,no,,
bd75bded-b1a1-4421-94b9-0b0c382e96fd,2026-08-11T10:22:36.617926+00:00,,pending,accepted,accepted,,2.7178,g2_subtraction,g2_sub_two_digit,3,no,,
10650c6a-c078-4cbe-a018-9c706591d8e0,2026-08-11T10:23:28.737253+00:00,,pending,accepted,accepted,,2.6466,g2_subtraction,g2_sub_two_digit,3,no,,
d2f1a986-b122-4cb9-a02b-9ef238f65680,2026-08-11T10:23:40.463289+00:00,,rejected,difficulty,stage_evidence,difficulty rubric,2.0571,g2_word_problems,g2_wp_measurement_context,3,yes,no,
06045ef1-6031-4b55-a949-7bf2a949b7a4,2026-08-11T10:24:33.030871+00:00,,pending,accepted,accepted,,2.7284,g2_word_problems,g2_wp_measurement_context,2,no,,
9b28fe4c-14ad-4d0d-866e-ee0c35d27cc8,2026-08-11T10:25:09.917277+00:00,,rejected,difficulty,stage_evidence,difficulty rubric,2.5468,g2_word_problems,g2_wp_measurement_context,4,yes,no,
8e393ffa-e675-435a-925a-59cc0b809526,2026-08-11T10:25:40.222483+00:00,,rejected,difficulty,stage_evidence,difficulty rubric,2.4382,g2_word_problems,g2_wp_measurement_context,4,yes,no,
5bdecac3-a7e9-4642-ab47-44f3b721e67f,2026-08-11T10:26:17.600923+00:00,,pending,accepted,accepted,,2.6854,g2_word_problems,g2_wp_multi_step,2,no,,
d3826941-338c-4bd3-ba4b-7054808247ca,2026-08-11T10:27:08.932204+00:00,,pending,accepted,accepted,,2.2744,g2_word_problems,g2_wp_multi_step,2,no,,
092e065f-3ef2-4a70-8f38-d2d842ae57c0,2026-08-11T10:27:33.991206+00:00,,pending,accepted,accepted,,2.2150,g2_word_problems,g2_wp_single_operation,1,no,,
9cd3c1a6-00ce-4c43-9a93-bd753435472d,2026-08-11T10:28:00.103886+00:00,,pending,accepted,accepted,,2.3955,g2_word_problems,g2_wp_single_operation,1,no,,
8f90699c-b77f-4de1-9847-da670eeaaafc,2026-08-11T10:28:32.432416+00:00,,pending,accepted,accepted,,1.9689,g2_word_problems,g2_wp_single_operation,1,no,,
942ba423-0227-4e38-b905-eb1d9f8ffe46,2026-08-11T10:28:59.189823+00:00,,pending,accepted,accepted,,1.9632,g2_word_problems,g2_wp_single_operation,1,no,,
84f16f6b-935a-416b-8e3c-0c5457b56334,2026-08-11T14:51:28.833534+00:00,,rejected,solver,stage_evidence,answer key: derived answer disagrees,0.6585,g1_addition,g1_add_within_20,4,yes,no,
735dccef-d5d7-4235-800a-bd939c59634f,2026-08-11T14:51:28.901464+00:00,,rejected,solver,stage_evidence,answer key: derived answer disagrees,0.6600,g1_addition,g1_add_within_20,4,yes,no,
e34baf0a-802b-418f-bc35-6b51c009de6f,2026-08-11T17:24:33.718787+00:00,,pending,accepted,accepted,,2.4995,decimals,decimal_add_sub,2,no,,
31d16d17-a48b-4992-b768-f35dbbba2259,2026-08-11T17:26:00.593449+00:00,,pending,accepted,accepted,,2.7159,decimals,decimal_add_sub,2,no,,
05ae4443-3ec3-489c-ae04-4639bbb95aa6,2026-08-11T17:26:36.342543+00:00,,pending,accepted,accepted,,2.2740,decimals,decimal_add_sub,1,no,,
24c224bc-1399-4405-b8e1-fd86f4deacf6,2026-08-11T17:27:18.550837+00:00,,pending,accepted,accepted,,2.6506,decimals,decimal_add_sub,2,no,,
6a89a327-ad6e-4bdd-8918-95c69dcf60a0,2026-08-11T17:28:39.600736+00:00,,pending,accepted,accepted,,2.7105,decimals,decimal_add_sub,2,no,,
310cb0c0-0b24-4515-a59c-7bd668c718f9,2026-08-11T17:29:40.525005+00:00,,pending,accepted,accepted,,2.6790,decimals,decimal_add_sub,2,no,,
60b2ea83-5b17-403f-9ccf-615ff1455e72,2026-08-11T17:30:23.139033+00:00,,pending,accepted,accepted,,2.8652,decimals,decimal_add_sub,2,no,,
40ee6471-dae9-4c86-aff7-6c7da33ebf24,2026-08-11T17:31:04.767033+00:00,,pending,accepted,accepted,,2.6351,decimals,decimal_add_sub,3,no,,
b52e75b7-63c0-4665-9c93-10a114eebbc0,2026-08-11T17:31:41.911653+00:00,,pending,accepted,accepted,,2.3898,decimals,decimal_add_sub,2,no,,
a3de4100-5e3e-40c6-8ce5-3df9ad2d1df2,2026-08-11T17:32:23.995944+00:00,,pending,accepted,accepted,,2.8042,decimals,decimal_divide,5,no,,
3f67c57d-85fe-4173-8f92-6c3d0ad04d39,2026-08-11T17:33:16.288462+00:00,,pending,accepted,accepted,,2.8012,decimals,decimal_divide,4,no,,
34a968e6-e46e-49a3-9c8a-e7e20c679291,2026-08-11T17:33:58.477688+00:00,,pending,accepted,accepted,,2.8930,decimals,decimal_divide,5,no,,
d6f8f8d2-ba63-4e20-beaa-a670fdd9ca80,2026-08-11T17:34:50.664160+00:00,,pending,accepted,accepted,,2.7709,decimals,decimal_divide,5,no,,
866166fd-3f35-443b-977a-e17275a70147,2026-08-11T17:35:31.178518+00:00,,pending,accepted,accepted,,2.3809,decimals,decimal_divide,5,no,,
e890437c-23de-4757-9007-a99efde4f18d,2026-08-11T17:36:30.645934+00:00,,pending,accepted,accepted,,2.3708,decimals,decimal_divide,4,no,,
7613b6e4-7c81-4f9e-91f2-8da69acfd830,2026-08-11T17:37:28.833126+00:00,,pending,accepted,accepted,,2.2568,decimals,decimal_multiply,3,no,,
d15aeaee-be1b-4b57-bad3-4a6a4583128d,2026-08-11T17:38:10.357142+00:00,,pending,accepted,accepted,,2.5283,decimals,decimal_multiply,3,no,,
2c031e7d-a9c4-4af2-be7a-cf157ebb8e2f,2026-08-11T17:59:00.648134+00:00,,pending,accepted,accepted,,2.1292,decimals,decimal_add_sub,1,no,,
32b944c3-a7b6-4311-b0f9-a6a36a56a1b9,2026-08-11T18:00:07.317027+00:00,,pending,accepted,accepted,,2.5886,decimals,decimal_add_sub,2,no,,
1310f466-f763-492e-8753-475655afcd49,2026-08-11T18:00:41.081000+00:00,,pending,accepted,accepted,,2.1711,decimals,decimal_add_sub,2,no,,
ce0581fc-b1f9-465e-9097-24bcd88241d9,2026-08-11T18:01:19.859641+00:00,,pending,accepted,accepted,,2.6290,decimals,decimal_add_sub,2,no,,
e7f4d976-568e-45d3-8a82-0c5b90b52beb,2026-08-11T18:01:52.336273+00:00,,pending,accepted,accepted,,2.1347,decimals,decimal_add_sub,2,no,,
5a70fb55-1e56-4f88-b21e-3d806fa92fbb,2026-08-11T18:02:37.451500+00:00,,pending,accepted,accepted,,2.8130,decimals,decimal_add_sub,2,no,,
33e45205-ed73-4286-b1f1-ae89a80409e9,2026-08-11T18:03:13.590620+00:00,,pending,accepted,accepted,,2.3080,decimals,decimal_add_sub,2,no,,
01b7d102-a989-49d8-b6a0-d1f85422efcb,2026-08-11T18:03:54.484751+00:00,,pending,accepted,accepted,,2.7990,decimals,decimal_add_sub,3,no,,
65604945-9848-4b98-a6a6-d699befc7b9d,2026-08-11T18:04:59.841354+00:00,,pending,accepted,accepted,,2.7205,decimals,decimal_add_sub,3,no,,
6a5cc6f7-a0e9-4013-9b02-615cd2b2a9a6,2026-08-11T18:05:35.824948+00:00,,pending,accepted,accepted,,3.0783,decimals,decimal_divide,5,no,,
f9e21719-3393-475e-97be-319c41d4562c,2026-08-11T18:07:16.549883+00:00,,pending,accepted,accepted,,2.2728,decimals,decimal_divide,5,no,,
e0c68019-9747-4c2b-b0c6-693a98241749,2026-08-11T18:08:16.496605+00:00,,pending,accepted,accepted,,2.8281,decimals,decimal_divide,5,no,,
3f27d28f-0a50-4c77-a548-42d5e5e39eb9,2026-08-11T18:09:00.897471+00:00,,pending,accepted,accepted,,2.9963,decimals,decimal_divide,5,no,,
58cbeead-1811-4c07-8c72-3bbf540899f4,2026-08-11T18:09:41.454955+00:00,,pending,accepted,accepted,,2.9093,decimals,decimal_divide,5,no,,
3e6e80f5-20e6-4fe0-b6bc-f78678d65293,2026-08-11T18:10:22.301015+00:00,,pending,accepted,accepted,,2.3754,decimals,decimal_divide,4,no,,
f289043e-62b5-483f-a19f-c02ff55b504d,2026-08-11T18:11:28.848076+00:00,,pending,accepted,accepted,,2.7482,decimals,decimal_multiply,4,no,,
22ca7456-2032-421a-b193-fbf85fc889dd,2026-08-11T18:12:32.262172+00:00,,pending,accepted,accepted,,2.7718,decimals,decimal_multiply,4,no,,
24db4e03-b044-4667-a732-41a8579d31e0,2026-08-11T18:13:12.458065+00:00,,pending,accepted,accepted,,2.4941,decimals,decimal_multiply,4,no,,
eceea610-e3a2-4655-aac0-c162ea132c3b,2026-08-11T18:14:15.458698+00:00,,pending,accepted,accepted,,2.3154,decimals,decimal_multiply,4,no,,
3cec98db-8c74-415d-856f-50141a8fa337,2026-08-11T18:14:58.640109+00:00,,pending,accepted,accepted,,2.9145,decimals,decimal_multiply,4,no,,
06223a2e-e54a-4d73-9057-88cf70d33b6f,2026-08-11T18:16:06.236138+00:00,,pending,accepted,accepted,,2.9753,decimals,decimal_multiply,4,no,,
3f96e898-63c3-4c86-ae3f-777c8d512ed0,2026-08-11T18:31:14.354335+00:00,,pending,accepted,accepted,,2.2076,g4_multiplication_division,g4_div_by_one_digit,2,no,,
864759b1-1e75-4af4-8411-c775c4b4fe17,2026-08-11T18:32:12.996915+00:00,,pending,accepted,accepted,,2.1562,g4_multiplication_division,g4_div_by_one_digit,1,no,,
34b1c60d-eb93-4909-bfa7-6cc033402e61,2026-08-11T18:32:46.118495+00:00,,pending,accepted,accepted,,2.0303,g4_multiplication_division,g4_div_by_one_digit,2,no,,
b1f1524f-ff1f-4266-8f0b-d86e82827cd6,2026-08-11T18:33:24.190647+00:00,,pending,accepted,accepted,,2.4477,g4_multiplication_division,g4_div_by_one_digit,2,no,,
58cff6da-b710-4d09-b3dc-929d84eb0d56,2026-08-11T18:34:02.333657+00:00,,pending,accepted,accepted,,2.4817,g4_multiplication_division,g4_div_by_one_digit,3,no,,
0a89a647-1a63-4678-b9e9-8e8352941c87,2026-08-11T18:34:41.084815+00:00,,pending,accepted,accepted,,2.6341,g4_multiplication_division,g4_div_by_one_digit,3,no,,
8a620668-5c30-4d9e-8661-47157ffe5c21,2026-08-11T18:35:38.749961+00:00,,pending,accepted,accepted,,2.6627,g4_multiplication_division,g4_div_by_one_digit,3,no,,
43111e75-acc8-4287-acde-1631218656fe,2026-08-11T18:36:20.352716+00:00,,pending,accepted,accepted,,2.5707,g4_multiplication_division,g4_div_by_one_digit,3,no,,
20c45a48-d53e-4173-8da0-9bf4f87660f4,2026-08-11T18:37:01.695951+00:00,,pending,accepted,accepted,,2.4816,g4_multiplication_division,g4_div_by_one_digit,2,no,,
5a9d9f22-16b1-49d6-b916-5c9d4f20eeac,2026-08-11T18:37:42.746201+00:00,,pending,accepted,accepted,,2.5513,g4_multiplication_division,g4_div_by_two_digit,4,no,,
11ad3a7f-dbf1-4d0b-9813-b4bc07fcf2b2,2026-08-11T18:38:24.076385+00:00,,pending,accepted,accepted,,2.7024,g4_multiplication_division,g4_div_by_two_digit,4,no,,
297926bd-ae5d-41c2-99eb-df244abc6999,2026-08-11T18:39:04.939981+00:00,,pending,accepted,accepted,,2.8329,g4_multiplication_division,g4_div_by_two_digit,3,no,,
a07b44cf-94c0-4cb8-8d50-116760ac5868,2026-08-11T18:39:47.586489+00:00,,pending,accepted,accepted,,2.9400,g4_multiplication_division,g4_div_by_two_digit,4,no,,
11ff59c1-2bce-4448-b4d5-6e1ad55ba5ae,2026-08-11T18:40:34.102142+00:00,,pending,accepted,accepted,,2.7968,g4_multiplication_division,g4_div_by_two_digit,4,no,,
a6d89094-9f4a-4bce-8585-205fdfc73ce5,2026-08-11T18:41:13.955763+00:00,,pending,accepted,accepted,,3.7352,g4_multiplication_division,g4_div_by_two_digit,4,no,,
96e130c0-a8ec-4e3c-ba7c-5affe919d058,2026-08-11T18:42:06.598980+00:00,,pending,accepted,accepted,,2.6111,g4_multiplication_division,g4_div_by_two_digit,4,no,,
d0612c29-b5a0-468f-bf71-a85149195fd7,2026-08-11T18:42:51.449194+00:00,,pending,accepted,accepted,,3.1055,g4_multiplication_division,g4_div_by_two_digit,4,no,,
b8a8eb13-ac5a-4188-949e-f0b7603250ec,2026-08-11T18:43:36.792652+00:00,,pending,accepted,accepted,,2.8564,g4_multiplication_division,g4_div_by_two_digit,4,no,,
451484bf-4559-4d9c-9642-7f583e0c45c4,2026-08-11T18:44:17.849187+00:00,,pending,accepted,accepted,,2.5190,g4_multiplication_division,g4_mult_by_one_digit,1,no,,
e6b02c78-5afb-4cb4-8454-e9189693e55e,2026-08-11T18:44:48.242261+00:00,,pending,accepted,accepted,,2.1047,g4_multiplication_division,g4_mult_by_one_digit,2,no,,
0c63f093-3c51-45d2-a260-faeb7350b151,2026-08-11T18:45:27.716716+00:00,,pending,accepted,accepted,,2.3366,g4_multiplication_division,g4_mult_by_one_digit,2,no,,
f421b4cc-4ec3-4c85-8e1f-1adced9c8b1d,2026-08-11T18:46:07.733061+00:00,,pending,accepted,accepted,,2.9949,g4_multiplication_division,g4_mult_by_one_digit,2,no,,
6cf9a36e-292f-4093-829e-bf3564245633,2026-08-11T18:46:55.859716+00:00,,pending,accepted,accepted,,3.2585,g4_multiplication_division,g4_mult_by_one_digit,2,no,,
09f17aab-0e2d-45d3-9d19-08a29caded0b,2026-08-11T18:47:37.822475+00:00,,pending,accepted,accepted,,2.8539,g4_multiplication_division,g4_mult_by_one_digit,2,no,,
cc0f9fc0-43de-4b7c-9b8b-dfc2ab3ef1ae,2026-08-11T18:48:14.031271+00:00,,pending,accepted,accepted,,2.3666,g4_multiplication_division,g4_mult_large,4,no,,
9baebd6c-4aa9-41c0-bd64-a3a24c85c2fa,2026-08-11T18:48:48.193218+00:00,,pending,accepted,accepted,,2.6166,g4_multiplication_division,g4_mult_large,3,no,,
75beda29-a18a-49b3-be36-9ef7f2280d39,2026-08-11T18:49:31.338638+00:00,,pending,accepted,accepted,,2.3724,g4_multiplication_division,g4_mult_large,3,no,,
066fab17-e9a6-4f4c-a3b6-b207bd437932,2026-08-11T18:50:24.293459+00:00,,rejected,solver,stage_evidence,options,1.8498,g4_multiplication_division,g4_mult_large,5,yes,yes,answer key: several options match
9178ad3e-1b72-445f-817d-5fc18fc547c0,2026-08-11T18:50:56.137333+00:00,,pending,accepted,accepted,,2.2571,g4_multiplication_division,g4_mult_large,3,no,,
4859f914-1ecb-4f05-a6e5-b009ed137c98,2026-08-11T18:51:39.790315+00:00,,pending,accepted,accepted,,2.6646,g4_multiplication_division,g4_mult_large,5,no,,
023f58bb-33dc-4276-8ffe-9337b3bd7e70,2026-08-11T18:52:16.906169+00:00,,pending,accepted,accepted,,2.5059,g4_multiplication_division,g4_mult_two_by_two,3,no,,
72272e24-3ea7-4d2a-bc62-d5c87926db63,2026-08-11T18:52:49.779754+00:00,,pending,accepted,accepted,,2.3994,g4_multiplication_division,g4_mult_two_by_two,4,no,,
a760b22d-9f88-4a28-a5ee-6dc9ba158153,2026-08-11T18:53:28.154172+00:00,,pending,accepted,accepted,,2.5877,g4_multiplication_division,g4_mult_two_by_two,4,no,,
a9ca8cd8-e671-42f0-bc70-40f4cf778de7,2026-08-11T18:54:05.349207+00:00,,pending,accepted,accepted,,2.6578,g4_multiplication_division,g4_mult_two_by_two,3,no,,
6cde0eb7-4d42-4348-941f-b816c3104938,2026-08-11T18:54:43.896801+00:00,,pending,accepted,accepted,,2.5323,g4_multiplication_division,g4_mult_two_by_two,3,no,,
268b2374-46cc-4a94-98f9-9c141276c1f2,2026-08-11T18:55:20.185920+00:00,,pending,accepted,accepted,,2.7007,g4_multiplication_division,g4_mult_two_by_two,4,no,,
b1ca03e7-1110-4492-a3cc-658f5f68512b,2026-08-11T18:55:34.850712+00:00,,pending,accepted,accepted,,2.5870,number_sense,number_large_compare,2,no,,
3aa28fdf-3e37-4458-855e-5fa77c24249e,2026-08-11T18:56:41.805913+00:00,,pending,accepted,accepted,,2.0883,number_sense,number_large_compare,1,no,,
344d5404-1d4f-4a55-940c-b64f64af9832,2026-08-11T18:57:22.499743+00:00,,pending,accepted,accepted,,2.6155,number_sense,number_large_compare,1,no,,
c10ccd8f-f152-4e08-9b6f-37e38891336c,2026-08-11T18:58:07.421748+00:00,,pending,accepted,accepted,,3.0345,number_sense,number_large_compare,3,no,,
f0ca7da6-27f9-480a-b0d8-bc86c0be61c0,2026-08-11T18:58:58.253703+00:00,,pending,accepted,accepted,,2.6558,number_sense,number_large_compare,2,no,,
1d8719f6-f957-48fd-8ac2-a970c8d3345b,2026-08-11T18:59:44.645683+00:00,,pending,accepted,accepted,,2.7517,number_sense,number_large_compare,1,no,,
882de9bc-77ad-4b33-98b7-36f6182607eb,2026-08-11T19:00:21.433953+00:00,,pending,accepted,accepted,,2.1316,number_sense,number_odd_even,1,no,,
4bed7fdf-87e0-42eb-9f09-e2b0b75a559d,2026-08-11T19:00:54.875798+00:00,,pending,accepted,accepted,,2.5915,number_sense,number_odd_even,1,no,,
4116bf81-68fa-4a6a-be76-46b2eef4f64b,2026-08-11T19:01:36.237919+00:00,,pending,accepted,accepted,,2.3316,number_sense,number_odd_even,1,no,,
50701940-aca4-4d8e-9407-7b50669bdb94,2026-08-11T19:02:13.911379+00:00,,pending,accepted,accepted,,2.8791,number_sense,number_odd_even,2,no,,
38bfa7da-23b6-4cba-84e2-19befa498a0c,2026-08-11T19:02:49.811128+00:00,,rejected,validation,stage_evidence,answer leakage,1.0677,number_sense,number_odd_even,2,yes,yes,answer leakage
7b080ddd-db29-494a-9924-6b9bae33c903,2026-08-11T19:03:14.870085+00:00,,pending,accepted,accepted,,2.6859,number_sense,number_odd_even,2,no,,
73687bc8-e38d-4582-8b03-3c79a770469b,2026-08-11T19:04:01.366525+00:00,,pending,accepted,accepted,,2.6949,number_sense,number_rounding,3,no,,
e3d1bbd8-7732-4f92-837f-449c641f1681,2026-08-11T19:04:45.142897+00:00,,pending,accepted,accepted,,2.9389,number_sense,number_rounding,2,no,,
f480a9d6-0bd6-42b2-9675-4791daab9a3a,2026-08-11T19:05:28.127940+00:00,,pending,accepted,accepted,,2.7101,number_sense,number_rounding,4,no,,
65f84509-647f-4b1d-a697-71ebe554156a,2026-08-11T19:06:29.335979+00:00,,pending,accepted,accepted,,2.6782,number_sense,number_rounding,4,no,,
a1783c8a-533a-4b06-9d22-be31954fb9cd,2026-08-11T19:07:20.607022+00:00,,pending,accepted,accepted,,2.7519,number_sense,number_rounding,4,no,,
94f318bd-2ad8-45bb-8744-f44506936077,2026-08-11T19:08:05.461397+00:00,,pending,accepted,accepted,,2.9353,number_sense,number_rounding,3,no,,
d030be0b-2a7e-4e8a-8445-b6d56c3d5c97,2026-08-11T19:08:50.637817+00:00,,pending,accepted,accepted,,2.9964,number_sense,number_rounding,5,no,,
f2953490-c1a8-4ea9-9737-c26b5484363c,2026-08-11T19:09:39.868655+00:00,,pending,accepted,accepted,,2.7380,number_sense,number_rounding,3,no,,
9c4be580-0a76-4a95-a655-a8c89591aea1,2026-08-11T19:10:25.535404+00:00,,pending,accepted,accepted,,2.8419,number_sense,number_rounding,4,no,,
98af0d65-f00c-4339-a4ce-d57f94c7b210,2026-08-11T19:10:41.218036+00:00,,pending,accepted,accepted,,1.9890,measurement,measurement_area_volume,4,no,,
64851e13-3b04-4689-bf0b-2048eea4d9f1,2026-08-11T19:11:47.258963+00:00,,rejected,difficulty,stage_evidence,difficulty rubric,2.5825,measurement,measurement_area_volume,4,yes,no,
a1184c55-19b4-4d0b-8992-c3f839899e9d,2026-08-11T19:12:48.833130+00:00,,pending,accepted,accepted,,2.3144,measurement,measurement_area_volume,4,no,,
fad80dbc-ff09-48fb-a1ee-2c25562827b8,2026-08-11T19:13:24.898387+00:00,,pending,accepted,accepted,,2.2229,measurement,measurement_area_volume,4,no,,
21974416-07c8-493b-89bd-a13f3cdef61f,2026-08-11T19:14:00.153539+00:00,,pending,accepted,accepted,,2.7438,measurement,measurement_area_volume,4,no,,
888328cf-3e28-4cdf-b7fa-8ea539acbdc4,2026-08-11T19:14:46.992502+00:00,,pending,accepted,accepted,,2.4776,measurement,measurement_area_volume,4,no,,
22c7553f-aeb6-4904-9748-32b295626a71,2026-08-11T19:15:28.029245+00:00,,pending,accepted,accepted,,2.8959,measurement,measurement_capacity,3,no,,
4edf5f43-4fba-4139-a7b2-9fd165f9888c,2026-08-11T19:16:11.802794+00:00,,pending,accepted,accepted,,2.4213,measurement,measurement_capacity,2,no,,
e183401c-0195-47c4-9b06-61b0e813ec45,2026-08-11T19:16:52.066724+00:00,,pending,accepted,accepted,,2.8641,measurement,measurement_capacity,3,no,,
5391a644-21ac-422d-9644-bda50cb80a35,2026-08-11T19:17:34.654252+00:00,,pending,accepted,accepted,,2.7489,measurement,measurement_capacity,2,no,,
2db69f8e-d4fb-4f52-addb-0c455aaf2003,2026-08-11T19:18:11.723991+00:00,,pending,accepted,accepted,,2.5382,measurement,measurement_capacity,2,no,,
5490cf71-43c6-426a-bbca-3c8370712edc,2026-08-11T19:18:48.851746+00:00,,pending,accepted,accepted,,2.5343,measurement,measurement_capacity,2,no,,
ae40121d-2c7a-48a7-9dec-0722f1a34318,2026-08-11T19:19:49.962699+00:00,,rejected,solver,stage_evidence,options,2.5543,measurement,measurement_elapsed_time,3,yes,no,
f5a6aed6-9f2d-42ca-b486-5f863858ff89,2026-08-11T19:20:50.407697+00:00,,pending,accepted,accepted,,3.5727,measurement,measurement_elapsed_time,4,no,,
fd5ca6b7-7904-440f-9a91-babe2b877d90,2026-08-11T19:21:52.764734+00:00,,pending,accepted,accepted,,2.9886,measurement,measurement_elapsed_time,4,no,,
a5d6ff20-4291-43f3-a7ce-ec54323d66d1,2026-08-11T19:23:16.020925+00:00,,pending,accepted,accepted,,2.4270,measurement,measurement_elapsed_time,4,no,,
4ed18ebc-4930-4d2c-9962-403010a23dd6,2026-08-11T19:24:43.745647+00:00,,rejected,generator,stage_evidence,other,0.0000,measurement,measurement_elapsed_time,4,no,,
387e5053-22d7-426c-91a1-b6fde440b5d6,2026-08-11T19:25:06.610003+00:00,,pending,accepted,accepted,,2.4833,measurement,measurement_elapsed_time,4,no,,
753fe79c-942a-4ebe-a569-dda816a311d9,2026-08-11T19:25:42.959211+00:00,,pending,accepted,accepted,,2.5536,measurement,measurement_length,3,no,,
786620b0-15a6-409d-9988-8317fe4e7739,2026-08-11T19:26:19.630767+00:00,,pending,accepted,accepted,,2.4563,measurement,measurement_length,3,no,,
03f610a1-99b1-4285-a0c0-bc62e25a7dee,2026-08-11T19:26:57.206843+00:00,,pending,accepted,accepted,,2.6318,measurement,measurement_length,2,no,,
072995e2-f9fe-4d9a-8423-4f9689ac9edb,2026-08-11T19:27:30.791781+00:00,,pending,accepted,accepted,,2.0073,measurement,measurement_length,3,no,,
8eb5a499-f626-4dcc-9cd8-98a3c7fca466,2026-08-11T19:28:06.927938+00:00,,pending,accepted,accepted,,2.5052,measurement,measurement_length,3,no,,
a590b631-6a9e-4744-89dc-ac735f99199b,2026-08-11T19:28:41.549258+00:00,,pending,accepted,accepted,,2.1910,measurement,measurement_length,3,no,,
a3510021-305c-427c-a46a-c513efd66002,2026-08-11T19:29:24.251962+00:00,,pending,accepted,accepted,,2.5258,measurement,measurement_length,2,no,,
ea4fe3e1-d143-4985-a682-ab9d30871921,2026-08-11T19:29:59.992626+00:00,,pending,accepted,accepted,,2.6836,measurement,measurement_length,2,no,,
317cf335-d1a8-48f0-b920-8f1dd16498f0,2026-08-11T19:30:33.275504+00:00,,pending,accepted,accepted,,2.0215,measurement,measurement_length,2,no,,
4a53ad90-e725-4ea8-8fad-41898e020421,2026-08-11T19:31:07.882701+00:00,,pending,accepted,accepted,,2.3434,measurement,measurement_money,1,no,,
c6bbb74d-fb25-45fc-8c60-b9fb778cf315,2026-08-11T19:31:49.050011+00:00,,pending,accepted,accepted,,2.6650,measurement,measurement_money,2,no,,
33737275-8e30-4216-9737-7a6867225710,2026-08-11T19:32:32.876662+00:00,,pending,accepted,accepted,,2.8010,measurement,measurement_money,1,no,,
ed9beb5f-13e5-42b5-9792-6ec24d18387a,2026-08-11T19:33:19.058985+00:00,,pending,accepted,accepted,,2.7450,measurement,measurement_money,2,no,,
df7a6d4a-a74d-4da5-8349-45788374a1e3,2026-08-11T19:33:59.071966+00:00,,pending,accepted,accepted,,2.6761,measurement,measurement_money,2,no,,
f6d060ee-7d7c-4336-8482-f10a43ca77f2,2026-08-11T19:34:40.265355+00:00,,pending,accepted,accepted,,2.5718,measurement,measurement_money,2,no,,
bfedd79b-7564-484f-8090-ece3f33547ae,2026-08-11T19:35:13.748012+00:00,,pending,accepted,accepted,,2.2329,measurement,measurement_weight,3,no,,
0c3d08ae-dfaa-464f-a7e5-70f761391df3,2026-08-11T19:35:53.612289+00:00,,pending,accepted,accepted,,2.5651,measurement,measurement_weight,2,no,,
dfbbf6c0-f3a3-4602-a39b-ae4541d36f18,2026-08-11T19:36:35.044044+00:00,,pending,accepted,accepted,,2.5926,measurement,measurement_weight,3,no,,
00963cef-0560-452c-a662-0ae2458ccc7a,2026-08-11T19:37:04.992631+00:00,,pending,accepted,accepted,,2.1469,measurement,measurement_weight,2,no,,
c4e77d3c-7a29-4fe8-8cd0-8ee9eec97614,2026-08-11T19:37:34.377311+00:00,,pending,accepted,accepted,,1.9853,measurement,measurement_weight,2,no,,
5246e5a6-e1c2-4b26-abf7-935378dac2e4,2026-08-11T19:38:10.936624+00:00,,pending,accepted,accepted,,2.4904,measurement,measurement_weight,3,no,,
c7d87bd0-3794-48f7-9fc2-9722b64360f7,2026-08-11T19:38:27.054764+00:00,,pending,accepted,accepted,,2.7054,g3_word_problems,g3_wp_add_sub,2,no,,
8592b2d1-de0f-45bb-b39d-5bffce068bd0,2026-08-11T19:39:35.516204+00:00,,rejected,solver,stage_evidence,options,2.2187,g3_word_problems,g3_wp_add_sub,1,yes,yes,answer key: several options match
cb0ff2bc-5e97-484c-883b-f9ea02617322,2026-08-11T19:40:11.049906+00:00,,pending,accepted,accepted,,2.5462,g3_word_problems,g3_wp_add_sub,2,no,,
2acea3b6-a42c-4213-95a3-9d75e88b0054,2026-08-11T19:40:50.371636+00:00,,pending,accepted,accepted,,2.5218,g3_word_problems,g3_wp_add_sub,2,no,,
fa3b8b71-25a9-400b-af08-7b279753fdf1,2026-08-11T19:41:34.099250+00:00,,pending,accepted,accepted,,2.7111,g3_word_problems,g3_wp_add_sub,2,no,,
ad4a85ff-c62e-46d3-b1e8-19a10f6987fb,2026-08-11T19:42:08.811196+00:00,,rejected,solver,stage_evidence,options,1.9883,g3_word_problems,g3_wp_add_sub,2,yes,yes,answer key: several options match
d8fcbfdb-50a8-44da-9191-f3a220e44d1a,2026-08-11T19:44:10.543030+00:00,,pending,accepted,accepted,,2.7102,g3_word_problems,g3_wp_mixed,5,no,,
3ad93cfd-d3b9-4f8c-80f6-ba78ea38bf3c,2026-08-11T19:44:52.249650+00:00,,pending,accepted,accepted,,2.6449,g3_word_problems,g3_wp_mixed,4,no,,
29ed2122-4c8d-45ba-874b-87871f1cabd0,2026-08-11T19:45:41.072256+00:00,,pending,accepted,accepted,,2.7205,g3_word_problems,g3_wp_mixed,3,no,,
87d4a7b7-49eb-4bf4-b42a-82584ee529ee,2026-08-11T19:46:41.409294+00:00,,pending,accepted,accepted,,2.4097,g3_word_problems,g3_wp_mixed,5,no,,
6ed90f2c-d4b3-44d2-98aa-49437112beed,2026-08-11T19:47:14.386478+00:00,,rejected,validation,stage_evidence,equation unusable,0.9147,g3_word_problems,g3_wp_mixed,5,yes,yes,equation unusable
32c19ef6-0d1e-4b57-8cdc-97f08b86c5c1,2026-08-11T19:47:38.753795+00:00,,pending,accepted,accepted,,2.5255,g3_word_problems,g3_wp_mixed,4,no,,
3c1d52b5-64f4-4d68-82a4-d8e637b97665,2026-08-11T19:48:22.783685+00:00,,pending,accepted,accepted,,2.6793,g3_word_problems,g3_wp_mult_div,2,no,,
13957ae6-6a6f-4ff4-b669-2de8d7ef6d9e,2026-08-11T19:49:03.236276+00:00,,pending,accepted,accepted,,2.8192,g3_word_problems,g3_wp_mult_div,2,no,,
b284fa41-a067-43af-919f-b33254e22e41,2026-08-11T19:49:43.577222+00:00,,pending,accepted,accepted,,2.7155,g3_word_problems,g3_wp_mult_div,2,no,,
3aad6ea7-2399-4f01-b307-e38464a92830,2026-08-11T19:50:15.963749+00:00,,pending,accepted,accepted,,2.1144,g3_word_problems,g3_wp_mult_div,3,no,,
7568b832-8bb8-40a0-b0cc-c35ec50c8600,2026-08-11T19:50:53.429292+00:00,,pending,accepted,accepted,,2.2489,g3_word_problems,g3_wp_mult_div,2,no,,
3c7b5467-1e71-416e-ad05-51fc3c5e8197,2026-08-11T19:51:29.471033+00:00,,pending,accepted,accepted,,2.2263,g3_word_problems,g3_wp_mult_div,2,no,,
afc97ea3-d9c4-4b6d-9aba-9edde36486e0,2026-08-11T19:53:14.738382+00:00,,pending,accepted,accepted,,2.6200,g3_word_problems,g3_wp_mult_div,3,no,,
0a7f7cce-d829-4e8a-901f-7159ca653c2a,2026-08-11T19:55:50.157893+00:00,,rejected,design,stage_evidence,other,1.2738,,,,no,,
c57e8109-0cb2-4718-8546-a406ea68d5e1,2026-08-11T19:58:02.795084+00:00,,rejected,design,stage_evidence,other,2.4579,,,,no,,
e8d58f51-6aec-4d65-85d6-181db9ff2aa3,2026-08-11T19:58:04.238136+00:00,,pending,accepted,accepted,,2.1635,g4_word_problems,g4_wp_decimals,2,no,,
e7425293-8b9a-4745-9bfc-70d59d2cadb1,2026-08-11T19:59:17.645185+00:00,,pending,accepted,accepted,,2.1979,g4_word_problems,g4_wp_decimals,2,no,,
de5f4597-3d3a-4a98-9138-acdc25f98b87,2026-08-11T19:59:55.334373+00:00,,pending,accepted,accepted,,2.6246,g4_word_problems,g4_wp_decimals,2,no,,
522e8cc9-a6bf-481b-a7ff-faa1645122a8,2026-08-11T20:00:41.628366+00:00,,pending,accepted,accepted,,2.5393,g4_word_problems,g4_wp_decimals,2,no,,
2027a4fb-ebbd-499e-be9f-f9ae0ec3ace2,2026-08-11T20:01:23.357654+00:00,,pending,accepted,accepted,,2.7006,g4_word_problems,g4_wp_decimals,2,no,,
7c1f9f64-f318-4ce4-8845-82e62243475c,2026-08-11T20:02:05.557785+00:00,,pending,accepted,accepted,,2.5313,g4_word_problems,g4_wp_decimals,2,no,,
1dedd6fa-23f2-4c5e-863a-90e9607fdd12,2026-08-11T20:02:36.824088+00:00,,pending,accepted,accepted,,2.3166,g4_word_problems,g4_wp_division,2,no,,
9689ce37-db83-472d-ba73-2a2c294b4d6a,2026-08-11T20:03:12.485458+00:00,,pending,accepted,accepted,,2.5443,g4_word_problems,g4_wp_division,2,no,,
7e55ac6d-9ac0-4d66-89e0-42d0cb7fb733,2026-08-11T20:03:55.386689+00:00,,pending,accepted,accepted,,2.4244,g4_word_problems,g4_wp_division,2,no,,
2ce0dc00-acfe-4f11-947d-056d140dbe22,2026-08-11T20:04:31.390828+00:00,,pending,accepted,accepted,,2.4097,g4_word_problems,g4_wp_division,2,no,,
72c9b60a-9e84-48af-8aca-6b4b0995e0a7,2026-08-11T20:05:08.399664+00:00,,pending,accepted,accepted,,2.5935,g4_word_problems,g4_wp_division,2,no,,
02684a1b-3668-4a8b-b44c-7ccadd260dbb,2026-08-11T20:05:42.864534+00:00,,pending,accepted,accepted,,2.1608,g4_word_problems,g4_wp_division,2,no,,
f6400172-aa3e-489a-a392-9dc263b1a22e,2026-08-11T20:06:21.289265+00:00,,pending,accepted,accepted,,2.5572,g4_word_problems,g4_wp_formula_mixed,4,no,,
60c9b797-6a53-4858-aade-bf41809a5034,2026-08-11T20:07:05.816801+00:00,,rejected,difficulty,stage_evidence,difficulty rubric,2.3462,g4_word_problems,g4_wp_formula_mixed,4,yes,no,
d2341c55-cab1-45a8-8d34-0a8e36da51c6,2026-08-11T20:07:46.694114+00:00,,pending,accepted,accepted,,2.6413,g4_word_problems,g4_wp_formula_mixed,3,no,,
cf027bb7-a1df-4ab1-88ea-14bd18872e9e,2026-08-11T20:08:26.320855+00:00,,rejected,difficulty,stage_evidence,difficulty rubric,2.1163,g4_word_problems,g4_wp_formula_mixed,5,yes,no,
6937247c-7ec6-4cd5-a8b8-a446ec9b9c91,2026-08-11T20:09:08.133248+00:00,,rejected,difficulty,stage_evidence,difficulty rubric,2.7139,g4_word_problems,g4_wp_formula_mixed,5,yes,no,
a1bff29a-f5ea-4c64-8cdc-d9e495548b47,2026-08-11T20:09:51.932647+00:00,,rejected,difficulty,stage_evidence,difficulty rubric,2.5691,g4_word_problems,g4_wp_formula_mixed,5,yes,no,
7d6c6ad2-7f3f-4c8b-8b42-820f010a7d10,2026-08-11T20:10:04.693653+00:00,,pending,accepted,accepted,,2.6945,g5_word_problems,g5_wp_decimals,3,no,,
852d5532-7b82-4625-9ffe-481f9e435c5d,2026-08-11T20:11:37.305344+00:00,,pending,accepted,accepted,,2.6051,g5_word_problems,g5_wp_decimals,2,no,,
946f06ed-abd4-4fc0-b3ed-889eba29d81b,2026-08-11T20:12:15.394634+00:00,,pending,accepted,accepted,,2.5289,g5_word_problems,g5_wp_decimals,2,no,,
248bcbbb-839a-44ba-9a1c-e3c4ca595ed3,2026-08-11T20:12:57.012759+00:00,,pending,accepted,accepted,,2.6420,g5_word_problems,g5_wp_decimals,3,no,,
2e69038a-e246-4ce9-8198-ca0c37d238a8,2026-08-11T20:13:40.837773+00:00,,pending,accepted,accepted,,2.5582,g5_word_problems,g5_wp_decimals,2,no,,
be9d2ada-3fa8-4699-bc5a-c70b6783eab6,2026-08-11T20:14:26.907190+00:00,,pending,accepted,accepted,,2.5727,g5_word_problems,g5_wp_decimals,3,no,,
cb159602-5e7a-4583-92cc-40542d4cd403,2026-08-11T20:15:09.924122+00:00,,pending,accepted,accepted,,2.6890,g5_word_problems,g5_wp_fractions,3,no,,
b358d140-930f-4e89-8d14-a44632763a9d,2026-08-11T20:16:13.203708+00:00,,pending,accepted,accepted,,2.7047,g5_word_problems,g5_wp_fractions,3,no,,
16abad0a-8e15-49fd-9ab6-302a74370075,2026-08-11T20:16:53.769642+00:00,,pending,accepted,accepted,,2.5556,g5_word_problems,g5_wp_fractions,3,no,,
5014e030-3207-48d2-a989-a912388ce145,2026-08-11T20:17:29.695660+00:00,,pending,accepted,accepted,,2.6832,g5_word_problems,g5_wp_fractions,3,no,,
9c3ff8fa-63a2-4366-90b4-6a8db00e8514,2026-08-11T20:18:11.779861+00:00,,pending,accepted,accepted,,2.8102,g5_word_problems,g5_wp_fractions,3,no,,
d4c80753-ac0a-443c-90e5-ae2b21266b28,2026-08-11T20:18:54.486784+00:00,,pending,accepted,accepted,,2.7104,g5_word_problems,g5_wp_fractions,3,no,,
05b05558-8f80-4333-877d-10328c724d4d,2026-08-11T20:19:32.583349+00:00,,pending,accepted,accepted,,2.3632,g5_word_problems,g5_wp_ratios_mixed,4,no,,
b873e4b8-c73a-49ea-be41-17a0eded99b0,2026-08-11T20:20:07.903450+00:00,,pending,accepted,accepted,,2.6025,g5_word_problems,g5_wp_ratios_mixed,4,no,,
39be2af4-168f-4755-985e-0214d4776acb,2026-08-11T20:20:53.778751+00:00,,pending,accepted,accepted,,3.3280,g5_word_problems,g5_wp_ratios_mixed,4,no,,
241d6260-8653-4f99-b3be-979513d748e1,2026-08-11T20:21:44.877037+00:00,,pending,accepted,accepted,,2.8064,g5_word_problems,g5_wp_ratios_mixed,4,no,,
42b2d471-02c0-4458-939f-2563202ca053,2026-08-11T20:22:19.956015+00:00,,pending,accepted,accepted,,2.4231,g5_word_problems,g5_wp_ratios_mixed,4,no,,
5db99d81-16ee-443b-84a6-d06c92d4c576,2026-08-11T20:23:02.537987+00:00,,pending,accepted,accepted,,2.9741,g5_word_problems,g5_wp_ratios_mixed,4,no,,
5bc8dd9a-d662-47ba-ab3a-64c82fb48d4b,2026-08-11T22:46:38.524845+00:00,,rejected,difficulty,stage_evidence,difficulty rubric,2.8749,g6_fractions,g6_fraction_decimal_percent,3,yes,no,
9c2ea3f8-c6c1-4a7f-8f4d-5b10828c1626,2026-08-11T22:47:57.918997+00:00,,pending,accepted,accepted,,3.1007,g6_fractions,g6_fraction_decimal_percent,4,no,,
b9e26b1b-0afa-4c41-a983-3b31829066f6,2026-08-11T22:48:41.851047+00:00,,pending,accepted,accepted,,2.7739,g6_fractions,g6_fraction_decimal_percent,3,no,,
2faa2d0a-4440-411f-9c78-9fd3489d45af,2026-08-11T22:49:24.951678+00:00,,rejected,validation,stage_evidence,answer leakage,1.6392,g6_fractions,g6_fraction_decimal_percent,4,yes,yes,answer leakage
240689fe-f29a-47ae-bda6-c77c51b7054d,2026-08-11T22:49:53.880292+00:00,,rejected,validation,stage_evidence,answer key: derived answer disagrees,1.8402,g6_fractions,g6_fraction_decimal_percent,4,yes,yes,answer key: derived answer disagrees
33b8cabe-da54-4297-ac96-84dc6e140cad,2026-08-11T22:50:22.835949+00:00,,rejected,validation,stage_evidence,answer key: derived answer disagrees,1.6002,g6_fractions,g6_fraction_decimal_percent,4,yes,yes,answer key: derived answer disagrees
3df20714-a34a-40d4-a64b-31177ddb098b,2026-08-11T22:50:49.846707+00:00,,rejected,validation,stage_evidence,answer leakage,1.5522,g6_fractions,g6_fraction_decimal_percent,5,yes,yes,answer leakage
3c5cb345-6840-44fa-9a46-f1aa6d1e7840,2026-08-11T22:51:18.521020+00:00,,rejected,validation,stage_evidence,answer leakage,1.6917,g6_fractions,g6_fraction_decimal_percent,5,yes,yes,answer leakage
7745898c-5d0a-4249-b4f8-d79e98523f36,2026-08-11T22:51:48.630667+00:00,,pending,accepted,accepted,,2.9011,g6_fractions,g6_fraction_decimal_percent,5,no,,
145d29dc-d65f-480b-902e-5836952cb239,2026-08-11T22:52:37.985016+00:00,,rejected,validation,stage_evidence,answer key: several options match,1.5372,g6_fractions,g6_fraction_mul_div,2,yes,yes,answer key: several options match
d4f6ffa8-f8e3-4235-8cc4-e3633c100448,2026-08-11T22:53:11.117371+00:00,,rejected,validation,stage_evidence,answer key: several options match,1.5567,g6_fractions,g6_fraction_mul_div,2,yes,yes,answer key: several options match
23f801d2-2b58-4bb3-98fc-b67b0e454012,2026-08-11T22:54:20.187022+00:00,,pending,accepted,accepted,,2.5923,g6_fractions,g6_fraction_mul_div,2,no,,
970ab30d-b316-4448-9a4b-335ad6a50112,2026-08-11T22:55:02.579794+00:00,,pending,accepted,accepted,,3.0071,g6_fractions,g6_fraction_mul_div,3,no,,
04fcf1bd-82fc-4c9f-873c-fdebafce5eb9,2026-08-11T22:55:43.748294+00:00,,pending,accepted,accepted,,2.6673,g6_fractions,g6_fraction_mul_div,3,no,,
1282c0a1-4963-4324-b9ed-d7a27b1e3655,2026-08-11T22:56:23.599528+00:00,,pending,accepted,accepted,,2.9085,g6_fractions,g6_fraction_mul_div,3,no,,
39bbe2b6-4857-4cf5-b46b-5d6c640a488a,2026-08-11T22:57:50.011373+00:00,,pending,accepted,accepted,,3.0709,g6_fractions,g6_fraction_mul_div,3,no,,
b117e0e5-a2fe-40c5-9d73-78389c355995,2026-08-11T22:58:28.816463+00:00,,pending,accepted,accepted,,2.8250,g6_fractions,g6_fraction_mul_div,3,no,,
85dd8064-7161-4975-9e84-b9e2f1db132d,2026-08-11T22:59:31.999320+00:00,,pending,accepted,accepted,,2.8949,g6_fractions,g6_fraction_mul_div,3,no,,
86f630ab-4254-42bb-ba42-467df6af349a,2026-08-11T23:00:09.884055+00:00,,rejected,validation,stage_evidence,answer key: several options match,1.5627,g6_fractions,g6_fraction_reduce,1,yes,no,
d1f09859-e88d-4699-abe3-faed3947d77e,2026-08-11T23:00:35.297486+00:00,,rejected,validation,stage_evidence,answer key: several options match,1.5837,g6_fractions,g6_fraction_reduce,1,yes,no,
83b4cc7a-01f6-4cca-b339-1dcdec2f0040,2026-08-11T23:01:00.601138+00:00,,rejected,validation,stage_evidence,answer key: several options match,1.5492,g6_fractions,g6_fraction_reduce,1,yes,no,
52050f83-cb03-4759-97ac-9e203b2ebfc6,2026-08-11T23:01:26.587322+00:00,,rejected,validation,stage_evidence,answer key: several options match,1.6152,g6_fractions,g6_fraction_reduce,2,yes,no,
9daa5b03-f848-41f3-a6c4-aa03cfa2c47c,2026-08-11T23:01:46.806886+00:00,,rejected,validation,stage_evidence,answer key: several options match,1.1277,g6_fractions,g6_fraction_reduce,2,yes,no,
bbd8d222-e28c-4d79-ba63-7b5fce3b3434,2026-08-11T23:02:16.800182+00:00,,rejected,validation,stage_evidence,answer key: several options match,1.6587,g6_fractions,g6_fraction_reduce,2,yes,no,
e8e27b23-ca12-47b8-89ea-ce28096675b6,2026-08-11T23:02:17.879976+00:00,,pending,accepted,accepted,,2.5318,g6_word_problems,g6_wp_average,1,no,,
30a20e9f-dad6-494c-a3ca-933fd4fcd5e3,2026-08-11T23:03:19.884776+00:00,,pending,accepted,accepted,,2.3332,g6_word_problems,g6_wp_average,1,no,,
0647e1e4-7a53-49bf-9863-3b077b7886da,2026-08-11T23:03:58.451595+00:00,,pending,accepted,accepted,,2.4905,g6_word_problems,g6_wp_average,1,no,,
60c0c2ff-1d02-4852-a329-8f0bbf60f190,2026-08-11T23:04:34.090537+00:00,,pending,accepted,accepted,,2.3861,g6_word_problems,g6_wp_average,1,no,,
37bacfe5-aca1-4524-8b8b-284b0b892cd8,2026-08-11T23:05:06.243491+00:00,,pending,accepted,accepted,,2.2769,g6_word_problems,g6_wp_average,1,no,,
2a142dcb-b438-4669-84d1-9d20fe5f4d6e,2026-08-11T23:05:44.353732+00:00,,pending,accepted,accepted,,2.5438,g6_word_problems,g6_wp_average,2,no,,
44fc3a53-936e-4cbe-a465-f51f441a1230,2026-08-11T23:06:15.364100+00:00,,pending,accepted,accepted,,1.9976,g6_word_problems,g6_wp_rate_speed,2,no,,
ff2fb781-7bed-4f12-ae51-59c2b8a84f87,2026-08-11T23:06:49.918154+00:00,,pending,accepted,accepted,,2.2603,g6_word_problems,g6_wp_rate_speed,2,no,,
10c94b36-254b-4988-bce7-6680d37051e8,2026-08-11T23:07:17.522395+00:00,,pending,accepted,accepted,,1.9564,g6_word_problems,g6_wp_rate_speed,2,no,,
ac50002f-90db-466c-9d27-67def6cb461b,2026-08-11T23:07:46.252792+00:00,,pending,accepted,accepted,,1.9295,g6_word_problems,g6_wp_rate_speed,2,no,,
fdcb2738-9015-40c1-a03c-6b29a039ff16,2026-08-11T23:08:16.510751+00:00,,pending,accepted,accepted,,2.0924,g6_word_problems,g6_wp_rate_speed,1,no,,
a331e3cf-f0c9-4099-8550-4c813eb034cb,2026-08-11T23:08:53.396546+00:00,,pending,accepted,accepted,,2.4125,g6_word_problems,g6_wp_rate_speed,2,no,,
657c1ac4-adc1-4f1c-898c-5995001a7869,2026-08-11T23:09:34.390330+00:00,,pending,accepted,accepted,,2.4642,g6_word_problems,g6_wp_rate_speed,2,no,,
af62ec1c-104d-4204-bb9c-2156baee940d,2026-08-11T23:10:11.818012+00:00,,pending,accepted,accepted,,2.2258,g6_word_problems,g6_wp_rate_speed,2,no,,
1c0dce51-1928-41fe-8cc2-c597c0bdda2d,2026-08-11T23:10:48.778511+00:00,,pending,accepted,accepted,,2.3314,g6_word_problems,g6_wp_rate_speed,2,no,,
3a466cf5-0707-44a3-b5ff-29ab16e5ba2f,2026-08-11T23:11:25.336002+00:00,,pending,accepted,accepted,,2.9982,g6_word_problems,g6_wp_ratio_proportion,2,no,,
d0a895e9-1524-4946-bca8-2d04a751aaf3,2026-08-11T23:12:10.332022+00:00,,pending,accepted,accepted,,2.6931,g6_word_problems,g6_wp_ratio_proportion,2,no,,
e81910e7-578d-4761-a784-63746ec28158,2026-08-11T23:12:50.233881+00:00,,pending,accepted,accepted,,2.6541,g6_word_problems,g6_wp_ratio_proportion,3,no,,
8a5e9637-adf9-4442-9384-0534c00ae7d9,2026-08-11T23:13:31.495582+00:00,,pending,accepted,accepted,,2.8215,g6_word_problems,g6_wp_ratio_proportion,2,no,,
09585655-2549-4913-af04-64ec1d546216,2026-08-11T23:14:13.896382+00:00,,pending,accepted,accepted,,2.7824,g6_word_problems,g6_wp_ratio_proportion,3,no,,
6e7c72c4-a40b-4eea-9868-56e2cb5ce04a,2026-08-11T23:14:55.676958+00:00,,pending,accepted,accepted,,2.7735,g6_word_problems,g6_wp_ratio_proportion,2,no,,
5344030b-4998-41d9-90ac-d235a96d69c0,2026-08-11T23:15:31.927204+00:00,,pending,accepted,accepted,,2.4601,g6_word_problems,g6_wp_ratio_proportion,2,no,,
8b10deac-1b22-45f2-a6b0-aea6705a9dd5,2026-08-11T23:16:06.514059+00:00,,pending,accepted,accepted,,2.3808,g6_word_problems,g6_wp_ratio_proportion,2,no,,
fb9ef28e-8b1a-4f9d-810b-12322da0bebb,2026-08-11T23:16:43.400404+00:00,,pending,accepted,accepted,,2.4233,g6_word_problems,g6_wp_ratio_proportion,3,no,,
b54e526c-cde2-4a73-b2d8-c4608b9e3535,2026-08-11T23:16:59.556965+00:00,,pending,accepted,accepted,,2.4364,g6_geometry_measurement,g6_circle_measures,3,no,,
9dc776ce-0a18-4f81-8c09-8c8916b9270c,2026-08-11T23:18:06.533292+00:00,,pending,accepted,accepted,,2.3216,g6_geometry_measurement,g6_circle_measures,3,no,,
7277d16f-6238-40ce-8bba-bf11de5bb3d4,2026-08-11T23:18:47.309260+00:00,,pending,accepted,accepted,,2.8175,g6_geometry_measurement,g6_circle_measures,3,no,,
84b16162-6cea-41ef-928b-0fadc7e41ae0,2026-08-11T23:20:34.163701+00:00,,rejected,solver,stage_evidence,answer key: derived answer disagrees,1.9173,g6_geometry_measurement,g6_circle_measures,4,yes,no,
a6e03b1a-9d9b-4a4a-b0ac-d0183b0d35e5,2026-08-11T23:21:07.889983+00:00,,pending,accepted,accepted,,2.6894,g6_geometry_measurement,g6_circle_measures,3,no,,
63f0da5e-f1bb-4876-87d7-d78882bd55b1,2026-08-11T23:22:01.128815+00:00,,pending,accepted,accepted,,3.1114,g6_geometry_measurement,g6_circle_measures,3,no,,
ff8b24a6-8b0b-444c-aa9f-fa19eb12cd32,2026-08-11T23:22:44.574720+00:00,,pending,accepted,accepted,,3.0024,g6_geometry_measurement,g6_factors_multiples,2,no,,
26393624-ea75-4a05-9933-74b703747257,2026-08-11T23:23:25.409098+00:00,,rejected,validation,stage_evidence,readability,1.5687,g6_geometry_measurement,g6_factors_multiples,1,yes,yes,readability
152b413e-9295-43f1-8cae-22894952c764,2026-08-11T23:23:51.747366+00:00,,pending,accepted,accepted,,2.9735,g6_geometry_measurement,g6_factors_multiples,2,no,,
3bee65dc-ec54-4773-8732-1dca02ad6133,2026-08-11T23:24:32.683699+00:00,,pending,accepted,accepted,,2.9298,g6_geometry_measurement,g6_factors_multiples,2,no,,
5d0d3ab2-75ca-44a9-87f2-22700daf54cd,2026-08-11T23:25:14.434151+00:00,,pending,accepted,accepted,,3.5408,g6_geometry_measurement,g6_factors_multiples,2,no,,
64ef2d92-6be7-406a-a14f-a01cadde9f8a,2026-08-11T23:26:00.136070+00:00,,pending,accepted,accepted,,3.1618,g6_geometry_measurement,g6_factors_multiples,2,no,,
18a85ee3-e5a9-47b5-94b7-925e6c3fec8a,2026-08-11T23:26:40.118747+00:00,,pending,accepted,accepted,,2.3992,g6_geometry_measurement,g6_surface_area_volume,4,no,,
37bfe2c2-d3c8-4c30-b335-d632480572f4,2026-08-11T23:27:10.792439+00:00,,pending,accepted,accepted,,2.1555,g6_geometry_measurement,g6_surface_area_volume,4,no,,
784c86af-8053-4664-8232-afddf25887c4,2026-08-11T23:27:48.472776+00:00,,pending,accepted,accepted,,2.6051,g6_geometry_measurement,g6_surface_area_volume,4,no,,
24a9b671-58ca-40aa-80bf-4bac04c52679,2026-08-11T23:28:51.043425+00:00,,pending,accepted,accepted,,3.4383,g6_geometry_measurement,g6_surface_area_volume,5,no,,
86530bfa-9075-4be0-8c6c-5de78537c839,2026-08-11T23:29:58.523229+00:00,,rejected,validation,stage_evidence,readability,1.8777,g6_geometry_measurement,g6_surface_area_volume,5,yes,yes,readability
b97f31fc-d157-4f94-986c-ae3ee05af32f,2026-08-11T23:30:27.525191+00:00,,pending,accepted,accepted,,3.2777,g6_geometry_measurement,g6_surface_area_volume,5,no,,
755a7c66-1bf8-4305-85d7-ae20675742ba,2026-08-11T23:30:42.797027+00:00,,rejected,validation,stage_evidence,answer key: derived answer disagrees,1.7502,pre_algebra,prealg_evaluate_expressions,4,yes,yes,answer key: derived answer disagrees|math notation
1f0c998f-16de-41ee-a9e0-de4ba25f0d0b,2026-08-11T23:31:43.152579+00:00,,pending,accepted,accepted,,2.8569,pre_algebra,prealg_evaluate_expressions,5,no,,
a6d7bdc1-c76c-4c4a-b934-ce59e856b55e,2026-08-11T23:32:20.251616+00:00,,pending,accepted,accepted,,2.4952,pre_algebra,prealg_evaluate_expressions,5,no,,
3d32f638-56b3-49d1-baef-ed59dfede5a9,2026-08-11T23:33:01.828209+00:00,,pending,accepted,accepted,,2.8108,pre_algebra,prealg_evaluate_expressions,5,no,,
3b04de36-d90e-46e3-a0ad-703021bae140,2026-08-11T23:33:43.501854+00:00,,pending,accepted,accepted,,2.7697,pre_algebra,prealg_evaluate_expressions,5,no,,
b17983f8-8e44-44c4-a820-fdb27bc2aeed,2026-08-11T23:34:25.171397+00:00,,pending,accepted,accepted,,2.9030,pre_algebra,prealg_evaluate_expressions,5,no,,
4b5a25f5-7428-485b-8a23-339807cfc35f,2026-08-11T23:35:00.612031+00:00,,pending,accepted,accepted,,2.7144,pre_algebra,prealg_exponents,2,no,,
815fff28-878e-46e4-94fb-0cc93880b548,2026-08-11T23:35:38.806516+00:00,,pending,accepted,accepted,,3.1609,pre_algebra,prealg_exponents,3,no,,
89bdbe8d-afee-46e7-a901-166fbf1638a9,2026-08-11T23:36:48.259264+00:00,,pending,accepted,accepted,,2.7498,pre_algebra,prealg_exponents,2,no,,
1ab0c28f-1645-4295-8d98-023f36944104,2026-08-11T23:37:23.767427+00:00,,pending,accepted,accepted,,2.2464,pre_algebra,prealg_exponents,2,no,,
139a1191-24ba-4747-9d77-7538e1e220f1,2026-08-11T23:47:00.907162+00:00,,pending,accepted,accepted,,2.7047,pre_algebra,prealg_exponents,2,no,,
5a5b9e6c-9e51-4f5e-b96a-fda774148052,2026-08-11T23:50:28.782148+00:00,,pending,accepted,accepted,,2.8807,pre_algebra,prealg_exponents,2,no,,
8bdb2180-52ff-4a70-84e6-63a515224367,2026-08-11T23:51:07.288400+00:00,,pending,accepted,accepted,,2.4970,pre_algebra,prealg_exponents,5,no,,
71e32622-96ce-4aea-88db-e14bd2457dc1,2026-08-11T23:52:16.303247+00:00,,rejected,solver,stage_evidence,options,3.3422,pre_algebra,prealg_exponents,4,yes,no,
84ddfa00-78a8-4be8-9642-6ec4be6d3654,2026-08-11T23:53:12.422204+00:00,,rejected,validation,stage_evidence,equation unusable,1.4427,pre_algebra,prealg_exponents,4,yes,yes,equation unusable
d81b7965-6b1d-4554-926e-540835d43385,2026-08-11T23:53:37.613054+00:00,,pending,accepted,accepted,,3.0277,pre_algebra,prealg_gcf_lcm,1,no,,
ab15ce6d-072b-41cb-8a45-447c65dc961f,2026-08-11T23:54:18.268589+00:00,,pending,accepted,accepted,,2.8871,pre_algebra,prealg_gcf_lcm,1,no,,
3f2387df-03b7-41a8-b8b0-a36a16274429,2026-08-11T23:54:56.291048+00:00,,pending,accepted,accepted,,3.0973,pre_algebra,prealg_gcf_lcm,1,no,,
86734c58-5b96-471f-bfa2-21e136c7e211,2026-08-11T23:55:39.841876+00:00,,pending,accepted,accepted,,3.1338,pre_algebra,prealg_gcf_lcm,2,no,,
569dbbe2-28b3-4461-8ff6-db9370a24d0d,2026-08-11T23:56:23.507763+00:00,,pending,accepted,accepted,,3.0800,pre_algebra,prealg_gcf_lcm,2,no,,
2a56bffc-6130-4710-8e91-22bc46ed7446,2026-08-11T23:57:07.130287+00:00,,pending,accepted,accepted,,3.3349,pre_algebra,prealg_gcf_lcm,1,no,,
9a207d20-9b9e-4b20-90bc-b3af96b213c6,2026-08-11T23:58:06.827695+00:00,,pending,accepted,accepted,,2.5449,pre_algebra,prealg_negative_numbers,2,no,,
2e956a8c-877d-4a3e-852b-b5b60d4842f3,2026-08-11T23:58:41.954892+00:00,,pending,accepted,accepted,,2.2104,pre_algebra,prealg_negative_numbers,2,no,,
01478aac-a7f3-465a-88a6-e1c4deeb9855,2026-08-11T23:59:19.224951+00:00,,pending,accepted,accepted,,2.5920,pre_algebra,prealg_negative_numbers,4,no,,
c35bb832-39d6-492b-924a-eecf14cd8536,2026-08-12T00:00:05.513989+00:00,,rejected,solver,stage_evidence,answer key: derived answer disagrees,2.3106,pre_algebra,prealg_negative_numbers,4,yes,no,
7ec5e381-f180-4771-a6e9-1308f9cc60f4,2026-08-12T00:00:45.010135+00:00,,pending,accepted,accepted,,2.8280,pre_algebra,prealg_negative_numbers,4,no,,
3593c688-a2e6-4ff2-973b-50da9e20890f,2026-08-12T00:01:26.207407+00:00,,pending,accepted,accepted,,2.3691,pre_algebra,prealg_negative_numbers,3,no,,
98b4cf6c-a3a0-42f4-bb96-2a964a80f6a9,2026-08-12T00:02:07.573394+00:00,,pending,accepted,accepted,,2.5923,pre_algebra,prealg_negative_numbers,2,no,,
479b5a85-74c7-447e-8106-822b39593a52,2026-08-12T00:02:53.043040+00:00,,pending,accepted,accepted,,2.6780,pre_algebra,prealg_negative_numbers,4,no,,
d8fff019-51a5-4f8e-8756-f9ec3d39f2ba,2026-08-12T00:03:37.789507+00:00,,pending,accepted,accepted,,2.9871,pre_algebra,prealg_negative_numbers,4,no,,
f802682e-1350-4c23-88b5-036701f6b71e,2026-08-12T00:04:18.343115+00:00,,pending,accepted,accepted,,2.4724,pre_algebra,prealg_order_of_operations,3,no,,
59a2148d-7931-4cc8-b3a9-11695102544f,2026-08-12T00:05:20.609371+00:00,,pending,accepted,accepted,,2.9230,pre_algebra,prealg_order_of_operations,2,no,,
a0b7e97f-23af-4934-bcef-a289ae13c485,2026-08-12T00:06:40.761133+00:00,,pending,accepted,accepted,,2.8749,pre_algebra,prealg_order_of_operations,3,no,,
840eead5-d130-4903-bcd5-47d21e8b69ba,2026-08-12T00:07:46.731498+00:00,,pending,accepted,accepted,,2.6882,pre_algebra,prealg_order_of_operations,4,no,,
43715cf9-6faf-414b-9823-84887f57ae48,2026-08-12T00:08:26.060624+00:00,,pending,accepted,accepted,,2.6827,pre_algebra,prealg_order_of_operations,2,no,,
d0435593-af29-408d-bef4-5aaf839b9be2,2026-08-12T00:09:10.390304+00:00,,pending,accepted,accepted,,2.8397,pre_algebra,prealg_order_of_operations,3,no,,
150378e1-92f9-42bc-b219-d6c62ab07e23,2026-08-12T00:09:56.474608+00:00,,pending,accepted,accepted,,2.3182,pre_algebra,prealg_percent_convert,2,no,,
c7b0b738-e68c-4a2a-a46a-79e5edbc71e3,2026-08-12T00:10:29.092971+00:00,,pending,accepted,accepted,,2.0337,pre_algebra,prealg_percent_convert,1,no,,
0fe46cdc-ee5f-4c72-bbb3-13aac39b3cf3,2026-08-12T00:11:06.815426+00:00,,pending,accepted,accepted,,2.3745,pre_algebra,prealg_percent_convert,1,no,,
a1e3a126-5fdd-4d70-b665-698173cf3b78,2026-08-12T00:11:47.194606+00:00,,pending,accepted,accepted,,2.6133,pre_algebra,prealg_percent_convert,2,no,,
28188828-daa1-4f4b-8381-c3fd511cce7d,2026-08-12T00:12:23.623704+00:00,,pending,accepted,accepted,,2.1709,pre_algebra,prealg_percent_convert,2,no,,
9f9e8de3-5500-4685-a3b4-9a6bd947d343,2026-08-12T00:13:01.113979+00:00,,pending,accepted,accepted,,2.5670,pre_algebra,prealg_percent_convert,2,no,,
0333f47f-8946-4ade-8c16-cbd607be1076,2026-08-12T00:13:17.541454+00:00,,rejected,generator,stage_evidence,other,0.0000,algebra_foundations,alg_distribute,2,no,,
a2e4aa99-f5c1-47cf-9f7f-7073e9622c2d,2026-08-12T00:14:59.278155+00:00,,pending,accepted,accepted,,3.0966,algebra_foundations,alg_distribute,2,no,,
978b91ba-282c-4416-8cd6-381e305e8bf3,2026-08-12T00:16:05.799270+00:00,,pending,accepted,accepted,,3.5503,algebra_foundations,alg_distribute,3,no,,
5c26cf06-2ac7-4852-b3e4-105f1df8cba5,2026-08-12T00:17:05.941349+00:00,,rejected,design,stage_evidence,other,3.8745,,,,no,,
3801823d-afe0-4a2a-bc47-2765c501a5ce,2026-08-12T00:17:38.622386+00:00,,rejected,validation,stage_evidence,answer key: derived answer disagrees,2.0382,algebra_foundations,alg_distribute,3,yes,no,
01e5d4ba-416d-4d04-bd67-582066f3a1d1,2026-08-12T00:18:17.938289+00:00,,rejected,validation,stage_evidence,answer key: derived answer disagrees,2.0292,algebra_foundations,alg_distribute,3,yes,yes,answer key: derived answer disagrees
c7ffd9f8-be33-4ee3-a842-ed069a34332b,2026-08-12T00:18:58.925109+00:00,,pending,accepted,accepted,,3.0026,algebra_foundations,alg_inequalities,3,no,,
abfa0c24-de7a-4331-b5ab-d94a1f1cda2f,2026-08-12T00:19:45.188388+00:00,,rejected,validation,stage_evidence,answer key: derived answer disagrees,1.5327,algebra_foundations,alg_inequalities,3,yes,no,
ba6eb40e-b893-4259-80c5-3c2141c2ab93,2026-08-12T00:20:14.982004+00:00,,rejected,validation,stage_evidence,answer key: derived answer disagrees,1.5177,algebra_foundations,alg_inequalities,3,yes,no,
6865d79e-f6a8-4ff1-8378-33b6e2f58177,2026-08-12T00:20:56.107292+00:00,,rejected,validation,stage_evidence,readability,1.6692,algebra_foundations,alg_inequalities,4,yes,yes,readability
96d64096-9bb6-40eb-9a0a-3f57a8708ffc,2026-08-12T00:21:43.883555+00:00,,pending,accepted,accepted,,3.1090,algebra_foundations,alg_inequalities,3,no,,
482f1cd0-5849-4277-9f84-749eab35b73e,2026-08-12T00:22:44.028727+00:00,,rejected,validation,stage_evidence,answer key: derived answer disagrees,1.6092,algebra_foundations,alg_inequalities,4,yes,no,
066f4aed-1bc5-4554-9922-ef333a3359a9,2026-08-12T00:23:10.709595+00:00,,rejected,validation,stage_evidence,answer key: derived answer disagrees,1.5717,algebra_foundations,alg_inequalities,5,yes,no,
abe174b5-4e33-4fc5-aa3b-a5b471f2caaf,2026-08-12T00:24:01.218972+00:00,,pending,accepted,accepted,,3.0677,algebra_foundations,alg_inequalities,5,no,,
f149df4a-bf6d-457f-8c42-be6749ee9b1e,2026-08-12T00:24:45.689015+00:00,,rejected,validation,stage_evidence,answer key: derived answer disagrees,1.4532,algebra_foundations,alg_inequalities,5,yes,no,
7ce4be34-d593-4663-b832-fb126afd79b1,2026-08-12T00:25:56.152731+00:00,,rejected,generator,stage_evidence,other,0.0000,algebra_foundations,alg_linear_functions,2,no,,
543554e7-9e11-4257-9bcb-5d3c4ac9af3d,2026-08-12T00:26:24.754480+00:00,,rejected,solver,reason_text,other,2.6694,algebra_foundations,alg_linear_functions,2,yes,no,
2ea179a4-b8c7-49ea-98d5-ecb407bebce1,2026-08-12T00:27:02.433779+00:00,,rejected,validation,stage_evidence,equation unusable,1.9752,algebra_foundations,alg_linear_functions,2,yes,yes,equation unusable
d7bff176-cb51-4859-9fcc-5ae9e2ace8da,2026-08-12T00:28:19.544006+00:00,,rejected,solver,reason_text,other,2.7287,algebra_foundations,alg_linear_functions,3,yes,no,
063335b2-79f3-4315-8ccc-bd89868e3566,2026-08-12T00:29:12.544256+00:00,,rejected,solver,reason_text,other,2.1954,algebra_foundations,alg_linear_functions,3,yes,no,
1e7003dd-dec1-42c4-b1f8-15b9d91d09f7,2026-08-12T00:30:03.641203+00:00,,pending,accepted,accepted,,3.2408,algebra_foundations,alg_linear_functions,2,no,,
cfb853a2-20e2-423f-b88f-0edd9dccf863,2026-08-12T00:31:36.079051+00:00,,rejected,generator,stage_evidence,other,0.0000,algebra_foundations,alg_linear_functions,4,no,,
3b72444a-4043-4277-8c30-c31d557844da,2026-08-12T00:32:24.750763+00:00,,pending,accepted,accepted,,3.5389,algebra_foundations,alg_linear_functions,2,no,,
3a49aceb-417a-4565-8654-1d12a3590d58,2026-08-12T00:33:30.697274+00:00,,pending,accepted,accepted,,3.1918,algebra_foundations,alg_linear_functions,2,no,,
ab11cd53-20f5-4762-b6da-d6339368f94e,2026-08-12T00:34:10.537205+00:00,,rejected,validation,stage_evidence,answer key: derived answer disagrees,1.6947,algebra_foundations,alg_simplify_expressions,1,yes,yes,math notation
1c207275-c976-47ab-8420-303d405ae23e,2026-08-12T00:34:38.598914+00:00,,rejected,validation,stage_evidence,readability,1.8627,algebra_foundations,alg_simplify_expressions,1,yes,yes,math notation|readability
6f9808f9-efb1-4f2d-8389-3d4f914fcdc7,2026-08-12T00:35:19.764501+00:00,,pending,accepted,accepted,,3.0328,algebra_foundations,alg_simplify_expressions,1,no,,
14a78e4b-494d-4c17-b3f5-a2e0a4a52679,2026-08-12T00:36:11.779697+00:00,,pending,accepted,accepted,,2.7508,algebra_foundations,alg_simplify_expressions,1,no,,
f282e508-6594-464a-a74c-5c91b4964c29,2026-08-12T00:36:54.173064+00:00,,rejected,validation,stage_evidence,readability,1.6692,algebra_foundations,alg_simplify_expressions,2,yes,yes,math notation|readability
26bb256a-9ce7-4899-b4b6-749f10658078,2026-08-12T00:37:19.779850+00:00,,pending,accepted,accepted,,2.9806,algebra_foundations,alg_simplify_expressions,2,no,,
535195e1-e43a-44b6-b7b4-45000fa99dfa,2026-08-12T00:38:04.946141+00:00,,pending,accepted,accepted,,2.8620,algebra_foundations,alg_simultaneous,2,no,,
5018d8f5-d559-4cc8-9e7a-ca082ba29eeb,2026-08-12T00:39:30.199151+00:00,,rejected,validation,stage_evidence,answer key: derived answer disagrees,1.8387,algebra_foundations,alg_simultaneous,4,yes,yes,answer key: derived answer disagrees
c4a471d9-20ad-4f72-8fe8-fd443e7ae119,2026-08-12T00:40:02.298740+00:00,,pending,accepted,accepted,,3.0593,algebra_foundations,alg_simultaneous,4,no,,
40548067-49b3-4bc4-8bf7-ab8a7a2eac38,2026-08-12T00:41:06.995981+00:00,,pending,accepted,accepted,,3.3761,algebra_foundations,alg_simultaneous,4,no,,
453c7296-c521-4e73-a047-c254691273d2,2026-08-12T00:41:50.714876+00:00,,rejected,validation,stage_evidence,equation unusable,1.5072,algebra_foundations,alg_simultaneous,5,yes,yes,equation unusable
586b6255-f83b-4b7d-9c4d-86a1950b478c,2026-08-12T00:42:58.898914+00:00,,rejected,validation,stage_evidence,answer key: derived answer disagrees,1.8792,algebra_foundations,alg_simultaneous,5,yes,yes,answer key: derived answer disagrees
e277812b-ce8b-47f5-bbc6-68866bcdfd93,2026-08-12T00:43:00.396359+00:00,,pending,accepted,accepted,,1.8148,geometry_measures,geo_area,1,no,,
0bdcb843-3982-4cfe-80ba-f67f560c2ec2,2026-08-12T00:43:50.121011+00:00,,pending,accepted,accepted,,2.1411,geometry_measures,geo_area,1,no,,
7270b7f3-587b-414b-aa31-37d95d2c7d55,2026-08-12T00:44:25.341855+00:00,,pending,accepted,accepted,,2.3138,geometry_measures,geo_area,1,no,,
92263dbe-38a4-4dcb-9476-e0a4a73e0fc3,2026-08-12T00:44:58.934382+00:00,,rejected,judge,stage_evidence,options,2.1584,geometry_measures,geo_area,2,yes,no,
7e12552a-5624-421e-b50d-48a167560890,2026-08-12T00:45:32.008451+00:00,,pending,accepted,accepted,,2.4212,geometry_measures,geo_area,2,no,,
75542fe7-2d16-47c6-9746-9f6a1a5c85cb,2026-08-12T00:46:08.667784+00:00,,rejected,judge,stage_evidence,options,2.4469,geometry_measures,geo_area,2,yes,no,
094462ab-3009-49ec-be01-2ab60d328e08,2026-08-12T00:46:48.999938+00:00,,pending,accepted,accepted,,2.6726,geometry_measures,geo_pythagorean,4,no,,
db64ff3d-a1f4-42ef-85d6-728434ff4747,2026-08-12T00:47:30.075230+00:00,,rejected,validation,stage_evidence,readability,1.5852,geometry_measures,geo_pythagorean,4,yes,yes,readability
a38f84aa-904c-403b-b3db-7157f61278ed,2026-08-12T00:47:55.879518+00:00,,pending,accepted,accepted,,2.7823,geometry_measures,geo_pythagorean,4,no,,
1dda43aa-8050-49b8-94fd-fc98b2af2809,2026-08-12T00:48:55.894456+00:00,,pending,accepted,accepted,,2.5147,geometry_measures,geo_pythagorean,4,no,,
9acaf83d-c0a1-4394-96c6-87b6724424c6,2026-08-12T00:49:36.543300+00:00,,pending,accepted,accepted,,2.5550,geometry_measures,geo_pythagorean,4,no,,
94135a94-ccfd-4aea-9acd-7fff3459c305,2026-08-12T00:50:37.687103+00:00,,rejected,validation,stage_evidence,readability,1.5597,geometry_measures,geo_pythagorean,5,yes,yes,readability
6702039c-f9d4-49ba-a5cc-3028d95f28d6,2026-08-12T00:51:08.661756+00:00,,pending,accepted,accepted,,2.9963,geometry_measures,geo_ratios,2,no,,
86c545f9-4b94-4e98-9107-b84f153d3d41,2026-08-12T00:51:40.763043+00:00,,pending,accepted,accepted,,2.2648,geometry_measures,geo_ratios,2,no,,
2c233739-8df7-405b-8565-0827cc87e53f,2026-08-12T00:52:44.246271+00:00,,pending,accepted,accepted,,2.7549,geometry_measures,geo_ratios,2,no,,
feaf8cb4-f195-45ed-bf99-7e523609676d,2026-08-12T00:53:19.270969+00:00,,pending,accepted,accepted,,2.5258,geometry_measures,geo_ratios,2,no,,
1af7850d-4b86-4ed6-beb2-033921007b6c,2026-08-12T00:53:56.242288+00:00,,pending,accepted,accepted,,2.4485,geometry_measures,geo_ratios,2,no,,
266a7efc-f7b0-4724-a7f7-7439989c1d5d,2026-08-12T00:54:29.822252+00:00,,pending,accepted,accepted,,2.4520,geometry_measures,geo_ratios,1,no,,
3d6516d0-aaf0-47f9-bc3b-4f1a359d756c,2026-08-12T00:55:27.957109+00:00,,pending,accepted,accepted,,2.9876,geometry_measures,geo_surface_area,3,no,,
bf7fffd5-9790-4028-98a1-3cfb901fb914,2026-08-12T00:56:09.315979+00:00,,pending,accepted,accepted,,2.8679,geometry_measures,geo_surface_area,3,no,,
f584d33a-89a3-41ed-8aa6-0b280ca9b935,2026-08-12T00:56:51.343352+00:00,,rejected,validation,stage_evidence,readability,1.9002,geometry_measures,geo_surface_area,4,yes,yes,readability
29c32a1e-d212-4ba0-b58b-310a4e6d6fff,2026-08-12T00:57:19.607061+00:00,,pending,accepted,accepted,,3.0953,geometry_measures,geo_surface_area,2,no,,
36fc844f-99bb-4488-a338-6957f7eaea50,2026-08-12T00:58:02.919796+00:00,,rejected,validation,stage_evidence,readability,1.9107,geometry_measures,geo_surface_area,5,yes,yes,readability
caf073bc-e83e-4009-aceb-8b8014c0a71b,2026-08-12T00:58:31.593345+00:00,,pending,accepted,accepted,,2.9694,geometry_measures,geo_surface_area,5,no,,
d229754c-ee04-432c-8475-9b08f36d6834,2026-08-12T00:59:26.688652+00:00,,pending,accepted,accepted,,2.4568,geometry_measures,geo_volume,1,no,,
c8654124-7f87-4fe2-ac75-f39ade133d02,2026-08-12T00:59:56.383338+00:00,,pending,accepted,accepted,,2.0530,geometry_measures,geo_volume,3,no,,
509e287d-b176-4c49-948f-8f78a9bd4e9f,2026-08-12T01:00:24.539939+00:00,,pending,accepted,accepted,,2.0564,geometry_measures,geo_volume,1,no,,
20292dc2-1f68-4367-b4ca-2142378b0994,2026-08-12T01:01:03.043974+00:00,,pending,accepted,accepted,,2.4152,geometry_measures,geo_volume,1,no,,
0b42b169-baec-4a71-92a9-e6d1109ee9bd,2026-08-12T01:01:36.892313+00:00,,pending,accepted,accepted,,2.2941,geometry_measures,geo_volume,2,no,,
f8eddb69-dd4e-49c8-8308-498188b9463a,2026-08-12T01:02:10.944373+00:00,,pending,accepted,accepted,,2.3698,geometry_measures,geo_volume,1,no,,
f05e39a3-86e5-4254-9054-90d8b5308dcf,2026-08-12T01:02:23.537816+00:00,,pending,accepted,accepted,,2.6700,g68_word_problems,g68_wp_equations,2,no,,
5cf9cd0b-40c6-4ffd-8961-bb351946aecf,2026-08-12T01:03:26.407464+00:00,,pending,accepted,accepted,,2.5060,g68_word_problems,g68_wp_equations,2,no,,
08da1f5b-40bf-4508-8328-769f047efb3b,2026-08-12T01:04:09.652331+00:00,,pending,accepted,accepted,,2.9011,g68_word_problems,g68_wp_equations,2,no,,
6fd3b2b2-4edb-48fd-bb08-6d15fa198577,2026-08-12T01:05:13.883241+00:00,,pending,accepted,accepted,,2.6764,g68_word_problems,g68_wp_equations,2,no,,
7bae8f85-ca40-4110-88a4-044135358139,2026-08-12T01:05:53.273318+00:00,,pending,accepted,accepted,,2.9869,g68_word_problems,g68_wp_equations,2,no,,
c7b396f5-f778-4a5a-b1eb-7b8b703c6241,2026-08-12T01:06:39.327246+00:00,,pending,accepted,accepted,,3.0420,g68_word_problems,g68_wp_equations,2,no,,
471d3fc9-7bf5-4788-84c3-a33b62cf9b2f,2026-08-12T01:07:23.448376+00:00,,rejected,difficulty,stage_evidence,difficulty rubric,2.9402,g68_word_problems,g68_wp_equations,3,yes,no,
fcbe2154-f762-4923-baaf-dad453e66f11,2026-08-12T01:08:27.471275+00:00,,pending,accepted,accepted,,3.0557,g68_word_problems,g68_wp_equations,2,no,,
368dd096-fe22-4902-a137-ace6cd56e91d,2026-08-12T01:09:07.502357+00:00,,pending,accepted,accepted,,3.2295,g68_word_problems,g68_wp_equations,2,no,,
71165754-44a1-459c-b047-d1781e0fa567,2026-08-12T01:10:09.767804+00:00,,rejected,design,stage_evidence,other,3.7080,,,,no,,
47d78a4c-7e70-44ce-95dd-97c60a883f99,2026-08-12T01:10:44.696037+00:00,,rejected,validation,stage_evidence,answer key: derived answer disagrees,1.1997,g68_word_problems,g68_wp_inequalities,4,yes,no,
a9021bf9-4d55-45ab-a271-af000aac7bbe,2026-08-12T01:11:24.861132+00:00,,rejected,validation,stage_evidence,answer key: derived answer disagrees,1.6437,g68_word_problems,g68_wp_inequalities,4,yes,no,
69255228-9817-48f5-aaf6-433b6933f528,2026-08-12T01:12:03.004262+00:00,,rejected,design,stage_evidence,other,3.3138,,,,no,,
417313f2-88ce-4974-96e9-8bd707833fe2,2026-08-12T01:12:44.938768+00:00,,rejected,validation,stage_evidence,answer key: derived answer disagrees,1.5612,g68_word_problems,g68_wp_inequalities,5,yes,yes,answer key: derived answer disagrees
faac0fbc-d851-46cd-a8a9-fb321476f1d3,2026-08-12T01:13:29.740624+00:00,,rejected,design,stage_evidence,other,3.8784,,,,no,,
dec2f6b1-da87-41c2-9fda-3bde166cc535,2026-08-12T01:13:53.388310+00:00,,pending,accepted,accepted,,2.7717,g68_word_problems,g68_wp_proportion,2,no,,
9220fc96-a142-4b8e-a502-b2cde1bc21a6,2026-08-12T01:14:27.778377+00:00,,pending,accepted,accepted,,2.9702,g68_word_problems,g68_wp_proportion,2,no,,
0a6b6f87-42ad-4f7e-af0c-eedc99c94911,2026-08-12T01:15:16.434182+00:00,,pending,accepted,accepted,,2.5274,g68_word_problems,g68_wp_proportion,2,no,,
f8d90e5a-cb54-49bb-9fb4-03fcf3c3d898,2026-08-12T01:16:00.362410+00:00,,pending,accepted,accepted,,2.9131,g68_word_problems,g68_wp_proportion,3,no,,
ecaa6307-b136-4494-a289-4bd29d034797,2026-08-12T01:16:44.940069+00:00,,pending,accepted,accepted,,2.6591,g68_word_problems,g68_wp_proportion,2,no,,
f3013c60-af04-4460-96cf-39470ebfc74d,2026-08-12T01:17:28.528479+00:00,,pending,accepted,accepted,,2.8678,g68_word_problems,g68_wp_proportion,3,no,,
a1e9c097-cd0c-4117-ba9b-e471dea869fb,2026-08-12T01:18:13.282428+00:00,,pending,accepted,accepted,,2.9709,g68_word_problems,g68_wp_proportion,3,no,,
b3664cb0-b71e-471f-8e99-7ba7d1f2a806,2026-08-12T01:19:33.465681+00:00,,rejected,validation,stage_evidence,answer key: derived answer disagrees,1.6542,g68_word_problems,g68_wp_proportion,4,yes,no,
ae6397ce-7f0c-4091-9b53-aeb0a35c600b,2026-08-12T01:20:38.084120+00:00,,rejected,design,stage_evidence,other,3.8217,,,,no,,
69db8e06-e3eb-4a51-b125-4307e8fab460,2026-08-12T01:20:39.412859+00:00,,rejected,judge,stage_evidence,options,2.8874,algebra_1,alg1_factorization,2,yes,no,
dda29c95-f18e-4891-acf7-4b283ef9f5d9,2026-08-12T01:22:20.065025+00:00,,rejected,validation,stage_evidence,answer leakage,1.4847,algebra_1,alg1_factorization,2,yes,yes,answer leakage
2c936c97-2efd-4bee-bea0-1463c98fe852,2026-08-12T01:22:50.270014+00:00,,rejected,validation,stage_evidence,answer leakage,1.5867,algebra_1,alg1_factorization,2,yes,yes,answer leakage
dcb8cb45-c5af-44a1-ba7c-01934fa64aa2,2026-08-12T01:23:17.406108+00:00,,rejected,validation,stage_evidence,answer leakage,1.3542,algebra_1,alg1_factorization,3,yes,yes,answer leakage
f7937b75-e864-4f90-9c2c-531f521389c9,2026-08-12T01:23:50.993938+00:00,,rejected,validation,stage_evidence,answer leakage,1.7307,algebra_1,alg1_factorization,3,yes,yes,answer leakage
76a246a0-eae7-4fab-a3ca-16e54b96b3d6,2026-08-12T01:24:44.224186+00:00,,pending,accepted,accepted,,3.2804,algebra_1,alg1_factorization,2,no,,
db06f5c5-182c-4c3d-8431-2e34592a9d94,2026-08-12T01:31:09.786037+00:00,,rejected,validation,stage_evidence,readability,1.7592,algebra_1,alg1_functions,3,yes,yes,readability
5e30fec3-9200-4a86-80af-d8ead3b7b6d3,2026-08-12T01:32:05.292427+00:00,,rejected,difficulty,stage_evidence,difficulty rubric,2.7864,algebra_1,alg1_functions,3,yes,no,
eab83db6-6e09-4ff1-b726-d1efaf512244,2026-08-12T01:32:44.173580+00:00,,rejected,validation,stage_evidence,answer key: derived answer disagrees,1.5432,algebra_1,alg1_functions,3,yes,yes,answer key: derived answer disagrees|readability
ae7e94fa-307b-435a-927a-52c1b0a03539,2026-08-12T01:33:16.245806+00:00,,rejected,difficulty,stage_evidence,difficulty rubric,2.9396,algebra_1,alg1_functions,4,yes,yes,math notation
6f8d02c1-fedd-40b5-a66e-e74e03bb5943,2026-08-12T01:34:22.914691+00:00,,rejected,judge,stage_evidence,math notation,2.9486,algebra_1,alg1_functions,4,yes,yes,math notation
bb5f826d-46c0-4d04-a857-159ba2f7a279,2026-08-12T01:35:04.702807+00:00,,rejected,difficulty,stage_evidence,difficulty rubric,2.7205,algebra_1,alg1_functions,4,yes,yes,math notation
aa475eca-e081-4255-ae48-d995d9796de3,2026-08-12T01:35:51.906961+00:00,,rejected,validation,stage_evidence,answer key: derived answer disagrees,1.4832,algebra_1,alg1_inequalities,2,yes,no,
d466feb3-ff34-4905-a319-b997dae309cb,2026-08-12T01:36:35.992727+00:00,,rejected,validation,stage_evidence,answer key: derived answer disagrees,1.5402,algebra_1,alg1_inequalities,2,yes,no,
8dbde3f2-2c57-4537-bf5f-cf9baafae251,2026-08-12T01:37:17.000458+00:00,,rejected,validation,stage_evidence,answer key: derived answer disagrees,1.5072,algebra_1,alg1_inequalities,2,yes,no,
0dcf29ea-970f-4e87-a69a-714a0227f22b,2026-08-12T01:38:00.838768+00:00,,rejected,validation,stage_evidence,answer key: derived answer disagrees,1.4697,algebra_1,alg1_inequalities,3,yes,no,
85cb3adc-31a7-45d5-963a-16f847f4e84c,2026-08-12T01:39:48.568212+00:00,,rejected,design,stage_evidence,other,4.2999,,,,no,,
18fb12f8-a85a-427c-8f92-378227b16bec,2026-08-12T01:40:55.420599+00:00,,rejected,validation,stage_evidence,answer key: derived answer disagrees,1.4877,algebra_1,alg1_inequalities,3,yes,no,
eb1d68a2-bb65-4092-b6c8-78cfa74d103b,2026-08-12T01:41:29.220625+00:00,,rejected,validation,stage_evidence,answer key: derived answer disagrees,1.2507,algebra_1,alg1_inequalities,4,yes,no,
373cfcaa-d3fb-4613-aa19-99ebbd2000f6,2026-08-12T01:42:11.711615+00:00,,rejected,validation,stage_evidence,answer key: derived answer disagrees,1.6002,algebra_1,alg1_inequalities,4,yes,no,
bb1f4cf7-b294-4301-917d-4f3a0cdf79d4,2026-08-12T01:42:40.382519+00:00,,rejected,validation,stage_evidence,answer key: derived answer disagrees,1.5072,algebra_1,alg1_inequalities,4,yes,no,
7d774180-191d-48e4-89c9-734705c55a4d,2026-08-12T01:44:15.027746+00:00,,rejected,generator,stage_evidence,other,0.0000,algebra_1,alg1_quadratics,3,no,,
dd17b005-ab79-4788-8d9e-ba1696d8eece,2026-08-12T01:44:45.321186+00:00,,rejected,validation,stage_evidence,answer key: derived answer disagrees,1.8372,algebra_1,alg1_quadratics,3,yes,yes,answer key: derived answer disagrees
f5742b24-fce0-48ac-92d5-8088854ed571,2026-08-12T01:45:58.655019+00:00,,rejected,validation,stage_evidence,answer key: derived answer disagrees,1.9752,algebra_1,alg1_quadratics,3,yes,yes,answer key: derived answer disagrees
43f1a8e7-3e55-4815-a157-da80bfe2bbd0,2026-08-12T01:46:53.739892+00:00,,rejected,validation,stage_evidence,answer key: derived answer disagrees,1.7652,algebra_1,alg1_quadratics,4,yes,yes,answer key: derived answer disagrees
7ad14f78-6792-485a-8deb-d4600bbb6148,2026-08-12T01:48:10.889734+00:00,,rejected,validation,stage_evidence,answer key: derived answer disagrees,1.8852,algebra_1,alg1_quadratics,4,yes,yes,answer key: derived answer disagrees
d55394d8-e743-4d3c-afdf-97edcfd18c54,2026-08-12T01:49:25.491702+00:00,,rejected,validation,stage_evidence,answer key: derived answer disagrees,1.6437,algebra_1,alg1_quadratics,4,yes,yes,answer key: derived answer disagrees
02c3f38f-d649-408e-8420-67e7b1485452,2026-08-12T01:51:28.531116+00:00,,rejected,circuit_open,stage_evidence,other,0.0000,,,,no,,
fe8a8e6e-417e-4edf-9881-7e0756b52efb,2026-08-12T01:51:28.542645+00:00,,rejected,circuit_open,stage_evidence,other,0.0000,,,,no,,
b9a7870e-1c76-4304-b4f7-1b31956f57e1,2026-08-12T01:51:28.550444+00:00,,rejected,circuit_open,stage_evidence,other,0.0000,,,,no,,
03bd36db-f5e8-4654-947b-5c71ab8507ee,2026-08-12T01:51:28.555002+00:00,,rejected,circuit_open,stage_evidence,other,0.0000,,,,no,,
a9ec9ac2-1940-4d76-b563-bd4d4d787d9b,2026-08-12T01:51:28.559005+00:00,,rejected,circuit_open,stage_evidence,other,0.0000,,,,no,,
a7f28cdf-ad2c-4ab8-a185-80b84141c914,2026-08-12T01:51:28.563315+00:00,,rejected,circuit_open,stage_evidence,other,0.0000,,,,no,,
8da57cc0-af90-4a54-a02b-b440af49af04,2026-08-12T01:51:28.567460+00:00,,rejected,circuit_open,stage_evidence,other,0.0000,,,,no,,
39ceae08-f3eb-4d60-968b-74dc3a1fb81a,2026-08-12T01:51:28.571447+00:00,,rejected,circuit_open,stage_evidence,other,0.0000,,,,no,,
b98b84c6-48aa-420e-8720-198aa2943faf,2026-08-12T01:51:28.575371+00:00,,rejected,circuit_open,stage_evidence,other,0.0000,,,,no,,
4c190d72-13fa-4341-8483-1e465c63dbc0,2026-08-12T01:51:28.579328+00:00,,rejected,circuit_open,stage_evidence,other,0.0000,,,,no,,
ace87472-a695-499e-a0e6-3a600ade5fb8,2026-08-12T01:51:28.582969+00:00,,rejected,circuit_open,stage_evidence,other,0.0000,,,,no,,
1d700aa8-d966-464c-a9e9-0e6c424122d3,2026-08-12T01:51:28.586631+00:00,,rejected,circuit_open,stage_evidence,other,0.0000,,,,no,,
96ed27a8-8040-4ce2-a403-f99185fa98de,2026-08-12T01:51:28.590461+00:00,,rejected,circuit_open,stage_evidence,other,0.0000,,,,no,,
48ad20d4-93b4-4ed5-a0b0-2fcf40a78fee,2026-08-12T01:51:28.594269+00:00,,rejected,circuit_open,stage_evidence,other,0.0000,,,,no,,
ab24c7ef-c6d3-455c-b968-28f6d908b533,2026-08-12T01:51:28.597692+00:00,,rejected,circuit_open,stage_evidence,other,0.0000,,,,no,,
8bedc6f7-072c-41cc-b373-9ce460b98bb2,2026-08-12T01:51:28.601017+00:00,,rejected,circuit_open,stage_evidence,other,0.0000,,,,no,,
a9ee33f9-24a9-4de2-9760-574adc8ac5c6,2026-08-12T01:51:28.604547+00:00,,rejected,circuit_open,stage_evidence,other,0.0000,,,,no,,
ee7abbab-7b73-486a-a96f-516afff48c55,2026-08-12T01:51:28.608103+00:00,,rejected,circuit_open,stage_evidence,other,0.0000,,,,no,,
6c48d545-da59-4fa1-b565-f05e4f60c772,2026-08-12T01:51:34.207065+00:00,,rejected,solver,stage_evidence,answer key: derived answer disagrees,2.0360,algebra_2,alg2_exponential_log,2,yes,no,
3c5010e5-cc62-42c8-9113-17604598becb,2026-08-12T01:52:56.368186+00:00,,pending,accepted,accepted,,3.2468,algebra_2,alg2_exponential_log,2,no,,
a0a5fb97-500a-4bfa-bfe5-0a83c3b41cad,2026-08-12T01:53:38.240025+00:00,,pending,accepted,accepted,,2.6852,algebra_2,alg2_exponential_log,2,no,,
32041dda-5a12-4e8c-a48e-561d08f896b3,2026-08-12T01:54:22.332582+00:00,,pending,accepted,accepted,,2.6825,algebra_2,alg2_exponential_log,2,no,,
8e1f2d35-f870-4cac-a69a-09df8e7db138,2026-08-12T01:55:03.518351+00:00,,rejected,validation,stage_evidence,readability,1.4277,algebra_2,alg2_exponential_log,3,yes,yes,readability
432ae2cb-4b2d-42a1-af94-2682d4d1d3a5,2026-08-12T01:55:33.520381+00:00,,pending,accepted,accepted,,4.2360,algebra_2,alg2_exponential_log,2,no,,
e3cbe9ea-3875-4533-b727-de6fa53f43bc,2026-08-12T01:56:32.119275+00:00,,rejected,judge,stage_evidence,hint ladder,3.3964,algebra_2,alg2_exponential_log,4,yes,no,
2ac88efb-bab7-484e-b1a3-be0cc731a7e2,2026-08-12T01:57:25.468519+00:00,,pending,accepted,accepted,,3.1911,algebra_2,alg2_exponential_log,3,no,,
865890dd-178e-4078-8347-2791a7424d94,2026-08-12T01:58:10.119631+00:00,,rejected,difficulty,stage_evidence,difficulty rubric,2.7270,algebra_2,alg2_exponential_log,4,yes,no,
02fdc8f1-2433-4221-b45e-90644e4ca50f,2026-08-12T01:58:48.116181+00:00,,rejected,validation,stage_evidence,answer key: several options match,1.4787,algebra_2,alg2_irrational,1,yes,yes,math notation
4d963c08-1b5a-49e4-b0d1-61f19d0b3d88,2026-08-12T01:59:12.587306+00:00,,rejected,validation,stage_evidence,answer key: several options match,1.5477,algebra_2,alg2_irrational,1,yes,yes,math notation
3de3b235-2671-4b06-a963-c717f5c63a26,2026-08-12T01:59:58.593906+00:00,,rejected,validation,stage_evidence,answer key: several options match,1.6707,algebra_2,alg2_irrational,1,yes,yes,math notation
2b361052-fddc-473e-adce-c4babd30c435,2026-08-12T02:00:26.750869+00:00,,rejected,validation,stage_evidence,answer key: several options match,1.7457,algebra_2,alg2_irrational,2,yes,yes,math notation
b2380bc2-69fa-4f02-af5e-89143f8b9445,2026-08-12T02:00:52.430446+00:00,,rejected,validation,stage_evidence,answer key: several options match,1.5747,algebra_2,alg2_irrational,2,yes,yes,math notation
3b430cb8-4ff6-43a5-b98d-9563dee49207,2026-08-12T02:01:18.659401+00:00,,rejected,validation,stage_evidence,answer key: several options match,1.5702,algebra_2,alg2_irrational,2,yes,yes,math notation
306dffb4-4c9c-44af-8d35-356ebc817d44,2026-08-12T02:02:21.893107+00:00,,rejected,validation,stage_evidence,answer key: derived answer disagrees,1.7022,algebra_2,alg2_polynomial_factor,3,yes,no,
3fe06481-7628-4912-976e-feeb7f7cda71,2026-08-12T02:02:51.440197+00:00,,pending,accepted,accepted,,3.5548,algebra_2,alg2_polynomial_factor,3,no,,
5f7ebb92-692b-4b2e-9a93-e787f1e1c0d6,2026-08-12T02:04:09.971548+00:00,,rejected,validation,stage_evidence,answer key: derived answer disagrees,1.3437,algebra_2,alg2_polynomial_factor,3,yes,yes,readability
292ad315-13ff-4854-96be-1c4a5bcedcf7,2026-08-12T02:04:57.860317+00:00,,rejected,validation,stage_evidence,answer key: derived answer disagrees,1.7412,algebra_2,alg2_polynomial_factor,4,yes,no,
371082ee-d249-4e7c-bcda-d5fddbe78617,2026-08-12T02:05:57.810884+00:00,,rejected,validation,stage_evidence,answer key: derived answer disagrees,1.7652,algebra_2,alg2_polynomial_factor,4,yes,no,
66f6ce4f-5e16-49ed-8451-00df118903b7,2026-08-12T02:07:09.646646+00:00,,rejected,validation,stage_evidence,answer key: derived answer disagrees,1.8552,algebra_2,alg2_polynomial_factor,4,yes,no,
4bedc2ef-af4e-46c6-815c-41d6b5e26e79,2026-08-12T02:07:44.429541+00:00,,pending,accepted,accepted,,3.0406,algebra_2,alg2_quadratic_functions,2,no,,
7896c154-6b8e-42fc-ab55-2b8a992bf473,2026-08-12T02:09:09.180689+00:00,,pending,accepted,accepted,,3.0789,algebra_2,alg2_quadratic_functions,2,no,,
f54f4bad-e909-45f2-8d2d-7c5104a18fd0,2026-08-12T02:10:02.673350+00:00,,rejected,validation,stage_evidence,readability,1.7217,algebra_2,alg2_quadratic_functions,3,yes,yes,readability
a84b162f-a5ce-4f33-980c-e2c1d7772b40,2026-08-12T02:10:33.485301+00:00,,rejected,validation,stage_evidence,answer key: derived answer disagrees,1.5702,algebra_2,alg2_quadratic_functions,4,yes,no,
76599a41-e12a-413e-b6ed-71bfcc149052,2026-08-12T02:11:05.372263+00:00,,rejected,difficulty,stage_evidence,difficulty rubric,3.0949,algebra_2,alg2_quadratic_functions,4,yes,no,
1da0fc5f-1f5f-4cda-8437-333ac8d4e476,2026-08-12T02:12:13.571979+00:00,,rejected,difficulty,stage_evidence,difficulty rubric,2.6732,algebra_2,alg2_quadratic_functions,4,yes,no,
87edfc54-f9cc-4841-bcb7-9436141af5de,2026-08-12T02:12:55.934067+00:00,,rejected,difficulty,stage_evidence,difficulty rubric,3.0770,algebra_2,alg2_rational_radical,4,yes,no,
85382a5b-e941-41b2-85a0-9d71e5383c72,2026-08-12T02:13:39.167796+00:00,,rejected,validation,stage_evidence,answer leakage,1.5087,algebra_2,alg2_rational_radical,4,yes,yes,answer leakage
c7d68d4c-d367-4474-a166-2cf9c692895e,2026-08-12T02:14:31.977404+00:00,,rejected,validation,stage_evidence,answer leakage,1.8027,algebra_2,alg2_rational_radical,4,yes,yes,answer leakage
5cd29660-04fc-48d1-bc28-2a4e7deb83cf,2026-08-12T02:15:03.300192+00:00,,pending,accepted,accepted,,3.3436,algebra_2,alg2_rational_radical,3,no,,
dde6e49a-50cd-4a03-95ed-18e692596c3c,2026-08-12T02:16:45.169219+00:00,,rejected,generator,stage_evidence,other,0.0000,algebra_2,alg2_rational_radical,5,no,,
8dd65d3c-a896-47cf-bfbc-411a0c794ae5,2026-08-12T02:17:14.671997+00:00,,pending,accepted,accepted,,3.1207,algebra_2,alg2_rational_radical,3,no,,
95e843c4-f051-4be4-bbec-4dd053ecdc36,2026-08-12T02:18:01.434745+00:00,,rejected,validation,stage_evidence,readability,1.9692,algebra_2,alg2_remainder_factor_theorem,4,yes,yes,readability
b268fb69-454b-400a-8695-703197408999,2026-08-12T02:18:33.897165+00:00,,rejected,validation,stage_evidence,answer leakage,1.8402,algebra_2,alg2_remainder_factor_theorem,4,yes,yes,answer leakage
ed249233-8bc7-4eeb-b683-4e777cfcfeb8,2026-08-12T02:19:06.315337+00:00,,rejected,judge,stage_evidence,meta commentary,3.2721,algebra_2,alg2_remainder_factor_theorem,4,yes,no,
1388fdcb-083d-48e4-9b5a-4af1e93ff1e1,2026-08-12T02:19:59.757620+00:00,,rejected,judge,stage_evidence,answer leakage,3.2695,algebra_2,alg2_remainder_factor_theorem,5,yes,yes,math notation
f9e15536-e39a-4215-ac34-4c2fb4210a64,2026-08-12T02:21:29.014588+00:00,,pending,accepted,accepted,,3.1776,algebra_2,alg2_remainder_factor_theorem,2,no,,
26d7b696-4f44-48c9-acaa-71496662bda9,2026-08-12T02:22:35.440163+00:00,,pending,accepted,accepted,,3.1683,algebra_2,alg2_remainder_factor_theorem,4,no,,
38429424-461d-4b0d-9d90-5514c3d50b5c,2026-08-12T02:23:14.946655+00:00,,rejected,solver,stage_evidence,answer key: derived answer disagrees,1.9625,algebra_2,alg2_sequences,2,yes,no,
b146a9cb-f76b-4c73-903a-f3c84a17d025,2026-08-12T02:23:49.573336+00:00,,rejected,validation,stage_evidence,readability,1.7892,algebra_2,alg2_sequences,2,yes,yes,readability
a7f84d92-280d-4db0-a9a5-ee3e684527d9,2026-08-12T02:24:20.504899+00:00,,pending,accepted,accepted,,3.0408,algebra_2,alg2_sequences,2,no,,
6b2e30d5-c7ba-45a0-8bf7-a2eede16cc83,2026-08-12T02:25:02.590396+00:00,,rejected,solver,stage_evidence,answer key: derived answer disagrees,2.0360,algebra_2,alg2_sequences,3,yes,no,
171f2b1e-bba3-4f9f-8dcf-73fe8f36f5e0,2026-08-12T02:25:42.891783+00:00,,rejected,solver,stage_evidence,answer key: derived answer disagrees,2.2633,algebra_2,alg2_sequences,3,yes,no,
fcd279cc-a0b5-4673-8e62-841f5be80f19,2026-08-12T02:26:20.045755+00:00,,pending,accepted,accepted,,3.3285,algebra_2,alg2_sequences,2,no,,
2668725e-69dc-478b-b0e9-5bf63bdeaec4,2026-08-12T02:27:07.004871+00:00,,pending,accepted,accepted,,2.9264,algebra_2,alg2_sequences,2,no,,
ed55818d-1a5d-4d04-b049-c76a5e6f8adc,2026-08-12T02:28:31.143953+00:00,,pending,accepted,accepted,,3.1233,algebra_2,alg2_sequences,2,no,,
038cbb5b-b46c-477f-a163-32d3ef37d078,2026-08-12T02:29:15.397539+00:00,,rejected,solver,stage_evidence,answer key: derived answer disagrees,2.1880,algebra_2,alg2_sequences,4,yes,yes,math notation
341937b1-7347-4f5a-ad50-c4db4404e4a5,2026-08-12T02:30:12.038830+00:00,,pending,accepted,accepted,,2.9591,algebra_2,alg2_sequences,2,no,,
1d05e585-2cf9-4daf-81a9-5542856e85a6,2026-08-12T02:30:54.867343+00:00,,pending,accepted,accepted,,2.9981,algebra_2,alg2_sequences,2,no,,
3ed94b62-28dc-4065-9e09-6a2aafc7add4,2026-08-12T02:31:38.862766+00:00,,pending,accepted,accepted,,2.9496,algebra_2,alg2_sequences,2,no,,
87695e5e-10b8-47da-aa40-7afb3bedddb1,2026-08-12T02:31:54.061947+00:00,,rejected,difficulty,stage_evidence,difficulty rubric,3.4025,trigonometry,trig_functions,3,yes,no,
f6c755ed-cd31-4346-bf8b-e4d3b38697a8,2026-08-12T02:33:15.533616+00:00,,rejected,validation,stage_evidence,readability,1.6977,trigonometry,trig_functions,3,yes,yes,readability
d0a3ec9c-2cd2-4cdb-ace3-f221df650c4b,2026-08-12T02:33:47.270691+00:00,,pending,accepted,accepted,,3.1675,trigonometry,trig_functions,3,no,,
4c1ed531-f51c-487b-807a-ba5c815391ec,2026-08-12T02:34:36.976491+00:00,,rejected,difficulty,stage_evidence,difficulty rubric,2.8578,trigonometry,trig_functions,4,yes,no,
152183db-4ce4-4a4b-8370-b781d44c4491,2026-08-12T02:35:29.560426+00:00,,rejected,validation,stage_evidence,readability,1.6287,trigonometry,trig_functions,4,yes,yes,readability
84d29261-ea74-427a-a5d9-92d9275505fe,2026-08-12T02:36:00.253011+00:00,,pending,accepted,accepted,,3.1903,trigonometry,trig_functions,3,no,,
f05f8239-1dd0-4135-8a88-6f024601512e,2026-08-12T02:37:33.486335+00:00,,pending,accepted,accepted,,2.8062,trigonometry,trig_functions,1,no,,
57afadd6-b641-4623-b7d5-e2dd3850211c,2026-08-12T02:38:41.680342+00:00,,pending,accepted,accepted,,3.0179,trigonometry,trig_functions,2,no,,
42537ac6-8a61-47d9-a61b-83cd3e435102,2026-08-12T02:39:46.346267+00:00,,pending,accepted,accepted,,2.7113,trigonometry,trig_functions,2,no,,
4faeae5e-8402-45cf-96f3-65523ba2b1e8,2026-08-12T02:40:31.698641+00:00,,pending,accepted,accepted,,3.1941,trigonometry,trig_ratios,2,no,,
5b8b5cef-5897-43e1-bb42-7f9ef5a88d16,2026-08-12T02:41:10.167392+00:00,,pending,accepted,accepted,,2.1685,trigonometry,trig_ratios,1,no,,
50a9e1bb-85c6-4430-af20-9e947c646179,2026-08-12T02:41:50.720752+00:00,,pending,accepted,accepted,,2.9841,trigonometry,trig_ratios,1,no,,
fa57aaf9-a50a-4312-8bcc-da5cb9c5a498,2026-08-12T02:42:55.350468+00:00,,rejected,validation,stage_evidence,readability,1.5522,trigonometry,trig_ratios,2,yes,yes,readability
0fd79a55-75d2-4ed3-967c-aa403f1ad84c,2026-08-12T02:43:20.509601+00:00,,pending,accepted,accepted,,2.9084,trigonometry,trig_ratios,2,no,,
4cc2564a-2460-4739-8eb2-450a27fabf5d,2026-08-12T02:44:11.418002+00:00,,pending,accepted,accepted,,2.9100,trigonometry,trig_ratios,2,no,,
9857e1e9-e565-4dc7-85f3-82b8827dbaca,2026-08-12T02:44:55.656678+00:00,,pending,accepted,accepted,,3.2926,trigonometry,trig_ratios,2,no,,
4feb5134-6bc5-40f9-becf-cf99d92499e3,2026-08-12T02:45:41.837926+00:00,,pending,accepted,accepted,,2.5456,trigonometry,trig_ratios,2,no,,
f3ae4d7a-13d8-4d4b-a522-5d7c447c3e6d,2026-08-12T02:46:27.717804+00:00,,pending,accepted,accepted,,3.1114,trigonometry,trig_ratios,2,no,,
5e4fd42b-33cb-4473-abd2-8f30a293732d,2026-08-12T02:46:43.574982+00:00,,rejected,validation,stage_evidence,answer key: derived answer disagrees,1.5567,calculus,calc_derivatives,2,yes,yes,math notation
7ba1a5e7-4f63-4c82-8c58-6b69cc5fd412,2026-08-12T02:47:41.272988+00:00,,pending,accepted,accepted,,2.8106,calculus,calc_derivatives,2,no,,
fde41cb5-ac92-4823-8566-b2b506df5f93,2026-08-12T02:48:20.172596+00:00,,rejected,validation,stage_evidence,equation unusable,1.3137,calculus,calc_derivatives,2,yes,yes,equation unusable|math notation
724fe187-3b90-4c34-a930-e31ea9c7a06f,2026-08-12T02:48:48.985696+00:00,,pending,accepted,accepted,,2.9337,calculus,calc_derivatives,2,no,,
90accb90-e884-4933-95d9-a6f1b001c27d,2026-08-12T02:49:30.421952+00:00,,rejected,validation,stage_evidence,answer key: derived answer disagrees,1.7172,calculus,calc_derivatives,3,yes,yes,answer key: derived answer disagrees|math notation
b6924975-837a-4b9f-92f4-add39dc0dff6,2026-08-12T02:50:06.083803+00:00,,rejected,validation,stage_evidence,equation unusable,1.8147,calculus,calc_derivatives,3,yes,yes,equation unusable
badd2517-b01d-42ed-94e6-a1502e127fe8,2026-08-12T02:50:39.298126+00:00,,rejected,validation,stage_evidence,answer key: derived answer disagrees,1.9527,calculus,calc_derivatives,4,yes,yes,answer key: derived answer disagrees|math notation
ccafcb1c-0789-4d28-8fb5-137b4e0d8702,2026-08-12T02:51:08.110643+00:00,,rejected,validation,stage_evidence,answer key: derived answer disagrees,1.5627,calculus,calc_derivatives,4,yes,yes,answer key: derived answer disagrees|answer key: several options match|math notation
1f714ab3-4ffc-46df-9926-f5c66bc3f86f,2026-08-12T02:51:42.313604+00:00,,rejected,validation,stage_evidence,answer key: derived answer disagrees,1.9857,calculus,calc_derivatives,4,yes,no,
47780820-3336-4539-a320-1be849c1f884,2026-08-12T02:52:22.367983+00:00,,rejected,design,stage_evidence,other,3.4320,,,,no,,
99ce18c5-c7bf-47f8-8945-b9583b8dc9fa,2026-08-12T02:53:12.682023+00:00,,rejected,difficulty,stage_evidence,difficulty rubric,2.9223,calculus,calc_differential_equations,4,yes,no,
d521af04-aa59-441f-aceb-c542f33d2f86,2026-08-12T02:54:17.984587+00:00,,rejected,design,stage_evidence,other,4.2888,,,,no,,
a93de9ca-f01c-4753-971c-a0fb45ab247e,2026-08-12T02:55:22.059662+00:00,,rejected,design,stage_evidence,other,3.9495,,,,no,,
e14b40aa-989e-459c-a733-9868c7f27e19,2026-08-12T02:55:56.441618+00:00,,rejected,judge,stage_evidence,meta commentary,2.9291,calculus,calc_differential_equations,5,yes,yes,math notation
79ee1657-3ea6-42ba-b0da-bc6c3dddc587,2026-08-12T02:56:56.294282+00:00,,rejected,design,stage_evidence,other,4.2774,,,,no,,
223eac7e-6a33-4da0-95db-42279315093f,2026-08-12T02:58:09.972017+00:00,,rejected,difficulty,stage_evidence,difficulty rubric,3.2102,calculus,calc_integrals,3,yes,no,
286d43c5-dff6-4322-aea1-51d748e60005,2026-08-12T02:59:01.223172+00:00,,pending,accepted,accepted,,3.1537,calculus,calc_integrals,3,no,,
9719df10-821a-4d66-876b-0dfb7d83cf2a,2026-08-12T02:59:45.159224+00:00,,pending,accepted,accepted,,2.9705,calculus,calc_integrals,5,no,,
01c8f933-26e5-4737-b57e-a81477673092,2026-08-12T03:00:32.215572+00:00,,rejected,validation,stage_evidence,answer key: derived answer disagrees,1.6932,calculus,calc_integrals,4,yes,yes,answer key: derived answer disagrees
20e9ec7e-debe-4346-9974-9cb8ec8798e6,2026-08-12T03:01:05.614507+00:00,,pending,accepted,accepted,,3.1134,calculus,calc_integrals,5,no,,
2d622a04-1123-43a8-87f7-53401e63e649,2026-08-12T03:01:53.106543+00:00,,pending,accepted,accepted,,2.8812,calculus,calc_integrals,5,no,,
84b63708-0051-4666-a453-2810b5b11dca,2026-08-12T03:02:38.906888+00:00,,pending,accepted,accepted,,2.9825,calculus,calc_integrals,3,no,,
773b3bad-b548-49c3-8d9f-3d232b52745f,2026-08-12T03:03:23.648320+00:00,,pending,accepted,accepted,,2.9308,calculus,calc_integrals,5,no,,
7493420f-b527-4bad-a579-2d05de73e737,2026-08-12T03:04:25.095291+00:00,,pending,accepted,accepted,,2.9994,calculus,calc_integrals,5,no,,
2c0add3e-4d2f-48be-9e71-a6d33667eb8f,2026-08-12T03:05:26.722884+00:00,,pending,accepted,accepted,,2.7624,calculus,calc_limits,1,no,,
66a34e4a-7306-48cb-9bb7-6991ab9351e6,2026-08-12T03:06:08.122333+00:00,,rejected,validation,stage_evidence,readability,1.5117,calculus,calc_limits,1,yes,yes,readability
cf5ba82b-d868-4540-a08d-ae31463d2c4f,2026-08-12T03:06:53.471838+00:00,,pending,accepted,accepted,,2.4856,calculus,calc_limits,1,no,,
bde5e0df-5854-48a2-b82a-2cde69fa621d,2026-08-12T03:07:30.795030+00:00,,rejected,judge,stage_evidence,meta commentary,2.8259,calculus,calc_limits,2,yes,no,
7a2998d4-fedd-4141-8365-29d50c3c430e,2026-08-12T03:08:33.563063+00:00,,pending,accepted,accepted,,2.6531,calculus,calc_limits,2,no,,
76cc1d08-dbb6-4842-ac64-5212037735c3,2026-08-12T03:09:06.748257+00:00,,pending,accepted,accepted,,2.2061,calculus,calc_limits,2,no,,
f2301c09-4d6f-4cae-bb52-985248974323,2026-08-12T03:09:17.499710+00:00,,rejected,judge,stage_evidence,options,2.3882,statistics_advanced,adv_matrices,4,yes,no,
d271a379-9ebb-42a4-8847-e8b05bd269b3,2026-08-12T03:10:30.569145+00:00,,rejected,judge,stage_evidence,meta commentary,3.3276,statistics_advanced,adv_matrices,4,yes,no,
1126d1b9-26ca-47a6-bad1-bfadced55eca,2026-08-12T03:11:34.617707+00:00,,rejected,difficulty,stage_evidence,difficulty rubric,2.5876,statistics_advanced,adv_matrices,4,yes,no,
8331b1d2-a914-4387-8220-ee70d3b532a7,2026-08-12T03:12:19.026946+00:00,,rejected,validation,stage_evidence,options,1.6752,statistics_advanced,adv_matrices,5,yes,yes,answer key: several options match|options
833cddcf-5798-42ce-87f9-ca19f897d6cf,2026-08-12T03:13:28.582622+00:00,,rejected,validation,stage_evidence,equation unusable,1.4892,statistics_advanced,adv_matrices,5,yes,yes,equation unusable
c31d657a-3dbe-4899-b5d6-2301b2b6ae35,2026-08-12T03:13:57.871786+00:00,,rejected,difficulty,stage_evidence,difficulty rubric,2.8399,statistics_advanced,adv_matrices,5,yes,no,
54da18cf-5260-4c96-8f7e-f0d1f6cdc668,2026-08-12T03:14:38.008264+00:00,,rejected,difficulty,stage_evidence,difficulty rubric,2.6363,statistics_advanced,adv_vectors,4,yes,no,
17468459-81f3-4682-9353-32003ab8a8ca,2026-08-12T03:15:16.962667+00:00,,rejected,difficulty,stage_evidence,difficulty rubric,2.7117,statistics_advanced,adv_vectors,4,yes,no,
7b6c3c4c-3bc3-4eed-bed6-69869624f871,2026-08-12T03:15:55.514191+00:00,,rejected,difficulty,stage_evidence,difficulty rubric,2.9079,statistics_advanced,adv_vectors,4,yes,no,
0a0480bb-3461-48a9-bcc7-b6bc55bcd3f2,2026-08-12T03:16:36.121519+00:00,,rejected,difficulty,stage_evidence,difficulty rubric,3.0718,statistics_advanced,adv_vectors,5,yes,no,
966a0f35-2894-492b-90d6-2ed4cea33794,2026-08-12T03:17:18.112846+00:00,,rejected,judge,stage_evidence,meta commentary,2.5165,statistics_advanced,adv_vectors,5,yes,no,
149f6d44-c9e8-45f9-9be2-57164226e6cc,2026-08-12T03:18:06.974107+00:00,,rejected,difficulty,stage_evidence,difficulty rubric,2.7905,statistics_advanced,adv_vectors,5,yes,no,
10bf4f84-c0c9-4d90-bb60-428d30f792b8,2026-08-12T03:18:43.706030+00:00,,pending,accepted,accepted,,2.2995,statistics_advanced,stat_descriptive,1,no,,
64d342ba-59fe-44bd-876a-5883565154d0,2026-08-12T03:19:38.670132+00:00,,pending,accepted,accepted,,2.1526,statistics_advanced,stat_descriptive,2,no,,
0b3194ef-4336-4c40-b127-0b7bbee72770,2026-08-12T03:20:07.221966+00:00,,pending,accepted,accepted,,2.0847,statistics_advanced,stat_descriptive,1,no,,
ac644f6a-31fc-4b00-b1b2-9a2f98068009,2026-08-12T03:20:43.765500+00:00,,pending,accepted,accepted,,2.5985,statistics_advanced,stat_descriptive,1,no,,
93754e88-0fb5-41e7-8b14-e356799c5c04,2026-08-12T03:21:21.986585+00:00,,pending,accepted,accepted,,2.4295,statistics_advanced,stat_descriptive,1,no,,
0274f405-209c-4dcf-9038-cde0877dc1d0,2026-08-12T03:21:56.239452+00:00,,pending,accepted,accepted,,2.3513,statistics_advanced,stat_descriptive,1,no,,
b0b20320-c059-4b26-80b3-2392c3bbfdda,2026-08-12T03:22:25.987968+00:00,,pending,accepted,accepted,,2.2462,statistics_advanced,stat_descriptive,1,no,,
a1674bd3-2194-483f-bee3-3810bda86a2e,2026-08-12T03:23:06.558538+00:00,,pending,accepted,accepted,,2.7112,statistics_advanced,stat_descriptive,2,no,,
3d08f6e5-f699-455a-a5b6-b7b627b16005,2026-08-12T03:23:37.984582+00:00,,pending,accepted,accepted,,2.1102,statistics_advanced,stat_descriptive,1,no,,
c44d9885-2d1a-4cea-89f8-e1259b3621e3,2026-08-12T03:24:16.076513+00:00,,pending,accepted,accepted,,2.6475,statistics_advanced,stat_probability,2,no,,
986f82b0-a407-4e8b-9a59-8398881200f4,2026-08-12T03:24:54.457849+00:00,,rejected,validation,stage_evidence,answer key: several options match,1.4172,statistics_advanced,stat_probability,2,yes,yes,answer key: several options match
3f8b9dab-7c9c-457a-ade9-4352e245dfc7,2026-08-12T03:25:17.733661+00:00,,pending,accepted,accepted,,2.3158,statistics_advanced,stat_probability,2,no,,
094f478b-b3e2-471f-808c-dd212790eeaf,2026-08-12T03:26:21.086102+00:00,,rejected,validation,stage_evidence,answer key: several options match,1.4427,statistics_advanced,stat_probability,3,yes,yes,answer key: several options match
89c4b784-0c05-4000-861b-6c137ea2675c,2026-08-12T03:26:45.145756+00:00,,rejected,validation,stage_evidence,answer key: several options match,1.0512,statistics_advanced,stat_probability,3,yes,yes,answer key: several options match
c082ea91-8bda-4a80-9f00-afbad4255de6,2026-08-12T03:27:49.660607+00:00,,pending,accepted,accepted,,2.1841,statistics_advanced,stat_probability,3,no,,
4777804a-a431-484b-b4ac-2653bb52e1d0,2026-08-12T03:28:56.367918+00:00,,pending,accepted,accepted,,2.7962,statistics_advanced,stat_probability,2,no,,
8b093804-e7ef-426c-b5a3-294764d52cb0,2026-08-12T03:29:44.426334+00:00,,pending,accepted,accepted,,2.9378,statistics_advanced,stat_probability,3,no,,
d4507827-2653-45d1-aa0c-8e886a552b7e,2026-08-12T03:30:51.749744+00:00,,pending,accepted,accepted,,3.3119,statistics_advanced,stat_probability,2,no,,
749f2138-d5d9-4752-90e9-39520c2d6f67,2026-08-12T03:37:45.609007+00:00,,pending,accepted,accepted,,4.2796,algebra_1,alg1_factorization,2,no,,
a3c8fef5-0e0a-4ae3-8959-f060c311a1f5,2026-08-12T03:37:45.609007+00:00,,rejected,validation,stage_evidence,answer key: derived answer disagrees,1.5192,algebra_1,alg1_factorization,2,yes,yes,math notation
ee48a34a-92a1-40a5-b57e-f19cfb46ff0f,2026-08-12T03:39:50.453639+00:00,,rejected,judge,stage_evidence,other,3.4368,algebra_1,alg1_factorization,2,yes,no,
f353eb94-8080-4325-a50c-5bcd9f818861,2026-08-12T03:39:50.453639+00:00,,rejected,judge,stage_evidence,hint ladder,3.6643,algebra_1,alg1_factorization,2,yes,no,
40a19d5d-6128-43ec-8225-ce7c6314eff1,2026-08-12T03:42:10.917994+00:00,,rejected,design,stage_evidence,other,4.1490,,,,no,,
262111f6-f028-4b00-84eb-b6c45e67433c,2026-08-12T03:43:29.934169+00:00,,rejected,validation,stage_evidence,answer key: derived answer disagrees,1.9392,algebra_1,alg1_factorization,3,yes,yes,answer key: derived answer disagrees
9868d81c-a1d3-487c-96ae-b85bfee56aaf,2026-08-12T03:43:29.934169+00:00,,rejected,generator,stage_evidence,other,0.0000,algebra_1,alg1_factorization,3,no,,
24b3b1bf-1109-4389-91da-442c480dae4f,2026-08-12T03:45:05.829274+00:00,,rejected,validation,stage_evidence,answer key: derived answer disagrees,1.7322,algebra_1,alg1_functions,3,yes,yes,answer key: derived answer disagrees|readability
97c449b2-257e-47ae-ba03-ca17b5b8c17c,2026-08-12T03:45:05.829274+00:00,,rejected,validation,stage_evidence,answer key: derived answer disagrees,1.5567,algebra_1,alg1_functions,3,yes,no,
ae6fc798-cca7-4a9e-93a2-a6b6ed0b29e4,2026-08-12T03:45:50.889434+00:00,,rejected,validation,stage_evidence,equation unusable,1.5567,algebra_1,alg1_functions,3,yes,yes,equation unusable
322b337a-1cfa-423c-ac11-66a10e9bb2bd,2026-08-12T03:45:50.889434+00:00,,rejected,validation,stage_evidence,answer key: derived answer disagrees,1.5612,algebra_1,alg1_functions,3,yes,no,
ba42e236-46fe-4514-92a8-ef27ae19919d,2026-08-12T03:47:00.418517+00:00,,rejected,difficulty,stage_evidence,difficulty rubric,3.3693,algebra_1,alg1_functions,4,yes,yes,math notation
6454895e-6731-4273-acaf-4f2fabc88bbc,2026-08-12T03:47:57.934764+00:00,,rejected,difficulty,stage_evidence,difficulty rubric,3.0967,algebra_1,alg1_functions,4,yes,yes,math notation
de46c718-4619-48da-acbf-00f6b670b046,2026-08-12T03:48:36.773417+00:00,,pending,accepted,accepted,,2.5058,algebra_1,alg1_inequalities,2,no,,
c1de451b-e5e7-4917-a803-a52d657e27c9,2026-08-12T03:49:19.161276+00:00,,rejected,validation,stage_evidence,answer key: derived answer disagrees,1.5702,algebra_1,alg1_inequalities,2,yes,no,
36fcc3ff-7178-4695-9956-c0630c99dbc7,2026-08-12T03:49:19.161276+00:00,,rejected,validation,stage_evidence,answer key: derived answer disagrees,1.4472,algebra_1,alg1_inequalities,2,yes,no,
9e71be46-4858-4b9a-b533-9bf64930ed1a,2026-08-12T03:50:01.561578+00:00,,pending,accepted,accepted,,3.0040,algebra_1,alg1_inequalities,2,no,,
6a693453-bc7b-44bd-9d9c-562d8cfd69fe,2026-08-12T03:50:37.042534+00:00,,rejected,validation,stage_evidence,equation unusable,1.1712,algebra_1,alg1_inequalities,3,yes,yes,equation unusable
a9b0ee08-9853-40d4-a0e5-6b4dff059d4b,2026-08-12T03:50:37.042534+00:00,,rejected,validation,stage_evidence,answer key: derived answer disagrees,1.6842,algebra_1,alg1_inequalities,3,yes,no,
794f81bd-2195-4d5d-92c3-dae9cab45125,2026-08-12T03:51:24.275828+00:00,,rejected,difficulty,stage_evidence,difficulty rubric,3.0749,algebra_1,alg1_inequalities,4,yes,no,
a77b0767-00d6-4de7-9a32-497d4cee9256,2026-08-12T03:52:06.689109+00:00,,rejected,difficulty,stage_evidence,difficulty rubric,2.6886,algebra_1,alg1_inequalities,4,yes,no,
91426904-3426-47f1-b868-1c5ab78ca38d,2026-08-12T03:53:12.811775+00:00,,rejected,validation,stage_evidence,answer key: derived answer disagrees,1.4547,algebra_1,alg1_quadratics,3,yes,no,
05f0f242-e86c-428e-a5dc-9e1c87747f96,2026-08-12T03:53:12.811775+00:00,,rejected,validation,stage_evidence,answer key: derived answer disagrees,1.9587,algebra_1,alg1_quadratics,3,yes,yes,answer key: derived answer disagrees
c9e21492-24bd-49fd-93dd-987284e3954a,2026-08-12T03:56:10.133152+00:00,,rejected,generator,stage_evidence,other,0.0000,algebra_1,alg1_quadratics,3,no,,
2a3cdf29-f60b-442e-9d29-076e41444323,2026-08-12T03:58:10.733697+00:00,,rejected,validation,stage_evidence,answer key: derived answer disagrees,1.7667,algebra_1,alg1_quadratics,4,yes,yes,answer key: derived answer disagrees
d5a23a16-9249-4ed4-b11c-7430a674a082,2026-08-12T03:58:10.733697+00:00,,rejected,validation,stage_evidence,answer key: derived answer disagrees,1.9197,algebra_1,alg1_quadratics,4,yes,yes,answer key: derived answer disagrees
14d7c0d2-12b0-42fe-be4c-bcc68c05f936,2026-08-12T03:59:22.901684+00:00,,pending,accepted,accepted,,3.4397,algebra_1,alg1_quadratics,3,no,,
104d03a9-0f51-4362-abb8-1cc11493d4cd,2026-08-12T04:00:35.246204+00:00,,pending,accepted,accepted,,3.2576,algebra_1,alg1_quadratics,3,no,,
ea02529f-8b71-4920-80ef-74c5e44dce04,2026-08-12T04:02:08.538465+00:00,,pending,accepted,accepted,,3.5720,algebra_1,alg1_quadratics,5,no,,
b210aebf-0827-4cdf-8c77-abf85c9328dc,2026-08-12T04:02:53.528130+00:00,,rejected,validation,stage_evidence,answer key: derived answer disagrees,1.3977,algebra_1,alg1_square_roots,1,yes,yes,answer key: derived answer disagrees
b19bba3a-6c86-4fb5-ab24-efc951468d11,2026-08-12T04:02:53.528130+00:00,,rejected,validation,stage_evidence,answer key: derived answer disagrees,1.2702,algebra_1,alg1_square_roots,1,yes,no,
38392a20-a1b5-4f1e-b8e8-2de0762f45f7,2026-08-12T04:03:32.148204+00:00,,rejected,validation,stage_evidence,answer key: derived answer disagrees,1.4637,algebra_1,alg1_square_roots,1,yes,yes,answer key: derived answer disagrees
2f06f3dc-e544-4f48-8502-ce2456599360,2026-08-12T04:03:32.148204+00:00,,rejected,validation,stage_evidence,answer key: derived answer disagrees,1.4262,algebra_1,alg1_square_roots,1,yes,yes,answer key: derived answer disagrees
39549fbb-e308-491d-9abc-07a941a5a14f,2026-08-12T04:04:12.887362+00:00,,rejected,validation,stage_evidence,answer key: derived answer disagrees,1.3842,algebra_1,alg1_square_roots,2,yes,yes,answer key: derived answer disagrees
fdb7a27a-5837-4f2f-ba73-50a8cd53a67c,2026-08-12T04:04:12.887362+00:00,,rejected,validation,stage_evidence,answer key: derived answer disagrees,1.2147,algebra_1,alg1_square_roots,2,yes,yes,answer key: derived answer disagrees
cc678aed-951f-4946-b625-61847c842bb1,2026-08-12T04:04:50.347176+00:00,,rejected,validation,stage_evidence,answer key: derived answer disagrees,1.3602,algebra_1,alg1_square_roots,2,yes,yes,answer key: derived answer disagrees
8d6bb94a-df4f-45e5-b0fc-c021da106f9c,2026-08-12T04:04:50.347176+00:00,,rejected,validation,stage_evidence,answer key: derived answer disagrees,1.3677,algebra_1,alg1_square_roots,2,yes,no,
50ac1184-3fdc-4072-a782-fae7726028d6,2026-08-12T04:05:38.905218+00:00,,pending,accepted,accepted,,3.1414,algebra_1,alg1_systems,4,no,,
2338b8c0-958f-4a76-b8a3-3b82df2be297,2026-08-12T04:05:38.905218+00:00,,rejected,validation,stage_evidence,other,2.0082,algebra_1,alg1_systems,3,yes,yes,other
15c4ccb6-0897-4e97-86b6-7b63a198d3ad,2026-08-12T04:07:12.702812+00:00,,rejected,validation,stage_evidence,answer key: derived answer disagrees,1.9647,algebra_1,alg1_systems,3,yes,yes,answer key: derived answer disagrees
7d9dde93-d109-44a2-9623-bf6ad4f61546,2026-08-12T04:07:12.702812+00:00,,rejected,validation,stage_evidence,answer key: derived answer disagrees,1.9557,algebra_1,alg1_systems,3,yes,yes,answer key: derived answer disagrees
8d6df45c-bbb4-41b9-9793-ba16f974965f,2026-08-12T04:08:23.096047+00:00,,pending,accepted,accepted,,3.1634,algebra_1,alg1_systems,4,no,,
f240f6f0-1cc4-49d8-8cdb-7f731f5aa5fa,2026-08-12T04:09:43.147193+00:00,,rejected,validation,stage_evidence,answer key: derived answer disagrees,1.8552,algebra_1,alg1_systems,4,yes,yes,answer key: derived answer disagrees
b8cb803d-7b3e-41ce-8e73-cc04dfe64378,2026-08-12T04:09:43.147193+00:00,,rejected,validation,stage_evidence,answer key: derived answer disagrees,1.9617,algebra_1,alg1_systems,4,yes,yes,answer key: derived answer disagrees
2e3f4039-4fca-4280-85da-d0f4f69853e9,2026-08-12T04:10:29.629890+00:00,,pending,accepted,accepted,,2.7751,algebra_1,alg1_systems,4,no,,
59bf5022-d69f-4799-abb8-56270bcd0f8d,2026-08-12T04:11:41.398339+00:00,,pending,accepted,accepted,,3.5786,algebra_1,alg1_systems,4,no,,
e9a04921-eb44-4bc4-81e3-8499739af488,2026-08-12T04:11:59.405952+00:00,,pending,accepted,accepted,,3.0417,algebra_foundations,alg_distribute,2,no,,
564d734b-4ca9-4604-9c9c-2cbb14e250bf,2026-08-12T04:11:59.405952+00:00,,rejected,validation,stage_evidence,answer leakage,1.7877,algebra_foundations,alg_distribute,2,yes,yes,answer leakage
6c127faf-9fb1-4cfb-9e20-68d74f6245d5,2026-08-12T04:14:55.359504+00:00,,rejected,validation,stage_evidence,answer leakage,1.7022,algebra_foundations,alg_distribute,2,yes,yes,answer leakage
2727ad61-330f-4721-a5d8-3368a70fad44,2026-08-12T04:14:55.359504+00:00,,rejected,validation,stage_evidence,answer key: derived answer disagrees,1.8147,algebra_foundations,alg_distribute,2,yes,yes,answer key: derived answer disagrees
55246285-b908-48e7-ba36-67f59dbee9b3,2026-08-12T04:16:10.296343+00:00,,rejected,validation,stage_evidence,answer key: derived answer disagrees,1.9872,algebra_foundations,alg_distribute,3,yes,no,
4f8ca12d-ccaf-4e9f-9947-bd6e4a44059c,2026-08-12T04:16:10.296343+00:00,,rejected,validation,stage_evidence,answer key: derived answer disagrees,1.8762,algebra_foundations,alg_distribute,3,yes,no,
605e2a10-e1e1-494f-b9d7-ec249ced48ee,2026-08-12T04:17:44.414720+00:00,,rejected,generator,stage_evidence,other,0.0000,algebra_foundations,alg_distribute,3,no,,
2cd9e0e8-3cd1-42d9-9396-19b44510f6ec,2026-08-12T04:18:16.384522+00:00,,rejected,validation,stage_evidence,answer key: derived answer disagrees,1.5672,algebra_foundations,alg_inequalities,3,yes,no,
66cb6df0-fee8-40eb-80a9-0f17cd616411,2026-08-12T04:18:16.384522+00:00,,rejected,validation,stage_evidence,answer key: derived answer disagrees,1.4637,algebra_foundations,alg_inequalities,3,yes,no,
28ade60f-a89c-4acf-a4ff-52ed234a7a1a,2026-08-12T04:19:20.432198+00:00,,rejected,difficulty,stage_evidence,difficulty rubric,3.0479,algebra_foundations,alg_inequalities,3,yes,no,
d9464433-1eef-4405-947d-443754f43074,2026-08-12T04:20:07.254562+00:00,,rejected,validation,stage_evidence,answer key: derived answer disagrees,1.7232,algebra_foundations,alg_inequalities,4,yes,no,
7e87eca5-5ece-4f34-89a0-70221062d369,2026-08-12T04:20:07.254562+00:00,,rejected,validation,stage_evidence,answer key: derived answer disagrees,1.6722,algebra_foundations,alg_inequalities,4,yes,no,
ec1d8ad3-e73b-44b8-bc20-6f38bef6b71b,2026-08-12T04:20:52.990457+00:00,,rejected,validation,stage_evidence,answer key: derived answer disagrees,1.6152,algebra_foundations,alg_inequalities,4,yes,yes,answer key: derived answer disagrees
a202edcb-31fa-40ad-9a1f-aad0d1f7df7b,2026-08-12T04:20:52.990457+00:00,,rejected,validation,stage_evidence,answer key: derived answer disagrees,1.6242,algebra_foundations,alg_inequalities,4,yes,yes,answer key: derived answer disagrees
d62ebb05-4cca-4c5c-993c-4e358a1e5b06,2026-08-12T04:21:35.160723+00:00,,rejected,validation,stage_evidence,answer key: derived answer disagrees,1.5207,algebra_foundations,alg_inequalities,5,yes,no,
5b4c9a3c-d6c6-4e34-b21c-d8ebf8ab31f8,2026-08-12T04:21:35.160723+00:00,,rejected,judge,stage_evidence,options,2.9809,algebra_foundations,alg_inequalities,5,yes,no,
ceb3a301-5654-4354-a7de-05f60b01298e,2026-08-12T04:22:39.010441+00:00,,rejected,validation,stage_evidence,answer key: derived answer disagrees,1.6452,algebra_foundations,alg_inequalities,5,yes,no,
78c326fb-a305-4d7f-a8c1-b5efff23f1fa,2026-08-12T04:22:39.010441+00:00,,rejected,validation,stage_evidence,answer key: derived answer disagrees,1.8312,algebra_foundations,alg_inequalities,5,yes,no,
2a9389e9-7108-4e23-9940-271df33dcb17,2026-08-12T04:23:21.026224+00:00,,rejected,solver,reason_text,other,2.5164,algebra_foundations,alg_linear_functions,2,yes,yes,math notation
a54cddf8-b35b-4a25-8ba3-5269dff34b8a,2026-08-12T04:23:21.026224+00:00,,rejected,solver,reason_text,other,2.3690,algebra_foundations,alg_linear_functions,2,yes,no,
0e010075-fdce-4f20-8ccf-3f2e4cf2fce2,2026-08-12T04:25:27.201337+00:00,,rejected,generator,stage_evidence,other,0.0000,algebra_foundations,alg_linear_functions,2,no,,
da6a0613-bf91-4788-be7f-1a33621eb138,2026-08-12T04:26:11.147332+00:00,,rejected,design,stage_evidence,other,4.0713,,,,no,,
04c8e5c0-1f39-424a-bd78-f05475605f64,2026-08-12T04:26:51.539364+00:00,,rejected,design,stage_evidence,other,3.9498,,,,no,,
66ceb340-c9d0-4741-9a7c-db11893143cb,2026-08-12T04:27:20.013182+00:00,,rejected,difficulty,stage_evidence,difficulty rubric,3.0334,algebra_foundations,alg_linear_functions,4,yes,no,
5c27ea9d-2096-4309-8de1-f6d9776b4b9b,2026-08-12T04:28:46.025131+00:00,,rejected,generator,stage_evidence,other,0.0000,algebra_foundations,alg_linear_functions,4,no,,
90561e93-ae9a-406b-8b0f-0bc949566fa5,2026-08-12T04:29:16.021748+00:00,,pending,accepted,accepted,,2.7691,algebra_foundations,alg_simplify_expressions,2,no,,
3a351dc3-d876-4299-8e88-09b54f8dd2ed,2026-08-12T04:29:51.508439+00:00,,pending,accepted,accepted,,2.6387,algebra_foundations,alg_simplify_expressions,2,no,,
e5c1b940-5882-495d-b893-47012b61c87c,2026-08-12T04:31:10.020007+00:00,,pending,accepted,accepted,,3.5202,algebra_foundations,alg_simplify_expressions,2,no,,
24ce9ac8-0530-42af-b65c-d152c39aeab6,2026-08-12T04:32:17.119937+00:00,,pending,accepted,accepted,,2.8360,algebra_foundations,alg_simplify_expressions,2,no,,
9ea2e323-e0f1-4a7b-b2d6-1a68435a77de,2026-08-12T04:33:26.494643+00:00,,rejected,validation,stage_evidence,answer key: derived answer disagrees,1.7922,algebra_foundations,alg_simultaneous,4,yes,yes,answer key: derived answer disagrees
b0906387-73e5-42be-93ff-9c99cf253d4a,2026-08-12T04:33:26.494643+00:00,,rejected,validation,stage_evidence,answer key: derived answer disagrees,1.8972,algebra_foundations,alg_simultaneous,4,yes,yes,answer key: derived answer disagrees
308ef7f2-970c-48cf-a706-6aa463a1ddb3,2026-08-12T04:34:16.882024+00:00,,rejected,validation,stage_evidence,answer key: derived answer disagrees,1.9467,algebra_foundations,alg_simultaneous,4,yes,yes,answer key: derived answer disagrees
f8bc50ec-0200-4ed8-811c-b76653e1b379,2026-08-12T04:34:16.882024+00:00,,rejected,validation,stage_evidence,other,1.8387,algebra_foundations,alg_simultaneous,4,yes,yes,other
473be9c6-48df-40ee-adae-8cca20cf8837,2026-08-12T04:35:04.755164+00:00,,rejected,validation,stage_evidence,answer key: derived answer disagrees,1.8717,algebra_foundations,alg_simultaneous,5,yes,yes,answer key: derived answer disagrees
4a3436ca-9be7-443e-bbb2-452ef7b0e724,2026-08-12T04:35:04.755164+00:00,,rejected,validation,stage_evidence,answer key: derived answer disagrees,1.6152,algebra_foundations,alg_simultaneous,5,yes,yes,answer key: derived answer disagrees
71a07134-6728-484d-af8b-f017c5db9000,2026-08-12T04:35:52.108506+00:00,,rejected,validation,stage_evidence,answer key: derived answer disagrees,2.0907,algebra_foundations,alg_simultaneous,5,yes,yes,answer key: derived answer disagrees|readability
b225604c-f967-41f7-aa5c-f5351198bd64,2026-08-12T04:35:52.108506+00:00,,rejected,validation,stage_evidence,answer key: derived answer disagrees,2.0082,algebra_foundations,alg_simultaneous,5,yes,yes,answer key: derived answer disagrees|readability
1bd5c32c-0156-4ea2-834f-2733b6a6ccfb,2026-08-12T04:36:11.401370+00:00,,rejected,difficulty,stage_evidence,difficulty rubric,2.5030,g6_fractions,g6_fraction_decimal_percent,3,yes,no,
26647799-876d-4dd1-a62b-6585e77db88a,2026-08-12T04:37:20.807176+00:00,,rejected,validation,stage_evidence,answer leakage,1.6422,g6_fractions,g6_fraction_decimal_percent,3,yes,yes,answer leakage
6e9de024-f705-4bf8-97a1-9708973fc6df,2026-08-12T04:37:20.807176+00:00,,rejected,validation,stage_evidence,answer key: derived answer disagrees,1.2717,g6_fractions,g6_fraction_decimal_percent,3,yes,yes,answer key: derived answer disagrees
7f55b4e7-3830-464a-b237-24a11ac222c2,2026-08-12T04:38:47.687032+00:00,,rejected,validation,stage_evidence,answer leakage,1.4817,g6_fractions,g6_fraction_decimal_percent,4,yes,yes,answer leakage
4fbf4d2b-91ed-4091-a972-f080013c5356,2026-08-12T04:38:47.687032+00:00,,rejected,validation,stage_evidence,answer leakage,1.6902,g6_fractions,g6_fraction_decimal_percent,4,yes,yes,answer leakage
bd1ee903-1a94-4921-a4eb-ed0f7bc1e870,2026-08-12T04:39:47.055321+00:00,,pending,accepted,accepted,,2.5318,g6_fractions,g6_fraction_decimal_percent,3,no,,
43f9ae42-5ad0-4dd7-ba2d-f06f5ae04a7f,2026-08-12T04:40:29.613323+00:00,,pending,accepted,accepted,,3.3047,g6_fractions,g6_fraction_decimal_percent,5,no,,
174d2278-ac16-4ab5-b09e-4db8354daccb,2026-08-12T04:41:17.384081+00:00,,rejected,difficulty,stage_evidence,difficulty rubric,2.8824,g6_fractions,g6_fraction_decimal_percent,5,yes,no,
84bbcf4f-0e5d-402a-bba0-8697f37da84c,2026-08-12T04:42:23.555949+00:00,,pending,accepted,accepted,,2.9202,g6_fractions,g6_fraction_mul_div,3,no,,
862d3b1a-24c6-4910-874a-45f50983da53,2026-08-12T04:43:06.680086+00:00,,pending,accepted,accepted,,2.7082,g6_fractions,g6_fraction_mul_div,3,no,,
b5399f98-b317-4572-9663-b57d7b3b05a4,2026-08-12T04:43:46.676649+00:00,,pending,accepted,accepted,,2.7029,g6_fractions,g6_fraction_mul_div,3,no,,
aa2dab6f-e1af-49e1-9aae-d8365a630b93,2026-08-12T04:44:25.573844+00:00,,pending,accepted,accepted,,2.8265,g6_fractions,g6_fraction_mul_div,3,no,,
fc8632e2-6f63-4af1-a206-1ee1f4055850,2026-08-12T04:45:11.077902+00:00,,pending,accepted,accepted,,2.8389,g6_fractions,g6_fraction_mul_div,3,no,,
a1a8387c-180b-4ae5-b203-73b05948744e,2026-08-12T04:45:11.077902+00:00,,rejected,validation,stage_evidence,equation unusable,1.6602,g6_fractions,g6_fraction_mul_div,4,yes,yes,equation unusable
99d13f19-525a-4644-b9f4-9d3cdcb321f8,2026-08-12T04:46:08.417842+00:00,,rejected,validation,stage_evidence,readability,1.7382,g6_fractions,g6_fraction_mul_div,4,yes,yes,readability
3b802961-2353-4988-90a4-87ba9a72e15f,2026-08-12T04:46:08.417842+00:00,,pending,accepted,accepted,,2.7119,g6_fractions,g6_fraction_mul_div,3,no,,
4626b6a4-0346-4b2a-afdb-985db621234f,2026-08-12T04:46:58.539662+00:00,,rejected,validation,stage_evidence,answer key: several options match,1.3902,g6_fractions,g6_fraction_reduce,1,yes,no,
570b0a2a-bb86-411f-b254-280641af69ba,2026-08-12T04:46:58.539662+00:00,,rejected,validation,stage_evidence,answer key: several options match,1.4682,g6_fractions,g6_fraction_reduce,1,yes,no,
70940661-e9ab-4c84-b314-09e8dc298fad,2026-08-12T04:47:32.527542+00:00,,rejected,validation,stage_evidence,answer key: several options match,1.7892,g6_fractions,g6_fraction_reduce,1,yes,yes,answer key: derived answer disagrees
a3d87843-16f9-4ac2-a1b3-68343128fc34,2026-08-12T04:47:32.527542+00:00,,rejected,validation,stage_evidence,answer key: several options match,1.1187,g6_fractions,g6_fraction_reduce,1,yes,no,
67b03787-e0d0-4256-83b2-01e7666330c1,2026-08-12T04:48:13.968819+00:00,,rejected,validation,stage_evidence,answer key: several options match,1.4667,g6_fractions,g6_fraction_reduce,2,yes,no,
38b86594-7c9f-4454-a158-71443060bfb4,2026-08-12T04:48:13.968819+00:00,,rejected,validation,stage_evidence,answer key: several options match,1.4682,g6_fractions,g6_fraction_reduce,2,yes,no,
8ee2ee65-9bc7-44a4-8954-0e81d9b68aa9,2026-08-12T04:48:47.916100+00:00,,rejected,validation,stage_evidence,answer key: several options match,1.2687,g6_fractions,g6_fraction_reduce,2,yes,yes,readability
12dff91d-ae83-49a2-9f7a-4041b4195fcf,2026-08-12T04:48:47.916100+00:00,,rejected,validation,stage_evidence,answer key: several options match,1.5882,g6_fractions,g6_fraction_reduce,2,yes,no,
b29789af-2a91-4eb9-ab70-073c010e5509,2026-08-12T04:49:05.230602+00:00,,rejected,design,stage_evidence,other,3.0438,,,,no,,
c6c67286-e574-49a7-9331-e288d01e37aa,2026-08-12T04:50:57.732455+00:00,,rejected,difficulty,stage_evidence,difficulty rubric,2.8661,calculus,calc_derivatives,2,yes,no,
2cbe048b-8aa3-42fe-bf08-badd21ad1f36,2026-08-12T04:52:33.550671+00:00,,pending,accepted,accepted,,2.6518,calculus,calc_derivatives,2,no,,
040703a2-aa26-4530-88cb-fd7575445ae2,2026-08-12T04:52:33.550671+00:00,,rejected,validation,stage_evidence,readability,1.6917,calculus,calc_derivatives,3,yes,yes,readability
80a124b1-29d6-430f-be13-7f86073890be,2026-08-12T04:53:45.670664+00:00,,pending,accepted,accepted,,2.5181,calculus,calc_derivatives,3,no,,
ba5c4f38-6429-4cc3-a07c-598bb2fad655,2026-08-12T04:53:45.670664+00:00,,rejected,validation,stage_evidence,readability,1.8372,calculus,calc_derivatives,3,yes,yes,readability
ae5107e5-9931-4091-8bfe-f02e1d566532,2026-08-12T04:54:37.745755+00:00,,rejected,validation,stage_evidence,readability,1.6767,calculus,calc_derivatives,4,yes,yes,readability
d8eeae12-ccd1-47ed-b146-88e7957a05f5,2026-08-12T04:54:37.745755+00:00,,pending,accepted,accepted,,2.9091,calculus,calc_derivatives,4,no,,
2971e139-1a97-488b-9406-09ae1da6d1fb,2026-08-12T04:55:36.658600+00:00,,pending,accepted,accepted,,3.5583,calculus,calc_derivatives,4,no,,
fa04720d-6748-4b31-bce1-cd4e5a7470dc,2026-08-12T04:57:13.404712+00:00,,rejected,design,stage_evidence,other,3.5172,,,,no,,
2d3ca08a-3d65-49fb-8256-4784581ba176,2026-08-12T04:58:41.830449+00:00,,rejected,design,stage_evidence,other,2.2875,,,,no,,
2290e622-c7a2-4126-9e2b-67c6eae96424,2026-08-12T04:59:23.949631+00:00,,rejected,design,stage_evidence,other,3.7701,,,,no,,
d5dc064b-bfde-4fba-900e-f0a84c833d31,2026-08-12T05:00:21.633102+00:00,,rejected,design,stage_evidence,other,3.3459,,,,no,,
c88e3e42-fbad-4bd2-9beb-89b5eb51f648,2026-08-12T05:00:52.641950+00:00,,pending,accepted,accepted,,3.3369,calculus,calc_integrals,5,no,,
f5f716c2-574b-4710-8dd2-ef8ad6ca6464,2026-08-12T05:01:37.155216+00:00,,pending,accepted,accepted,,3.1473,calculus,calc_integrals,5,no,,
52e05fa3-91f0-4c2d-a2ac-e039c882c7a5,2026-08-12T05:02:41.112727+00:00,,pending,accepted,accepted,,3.0705,calculus,calc_integrals,5,no,,
84f8dbec-ed9a-4eaa-abad-7c437f8040ed,2026-08-12T05:03:26.374407+00:00,,pending,accepted,accepted,,3.3506,calculus,calc_integrals,5,no,,
96a1d302-fc37-4803-ac14-3a3f8e0b2e3d,2026-08-12T05:03:26.374407+00:00,,rejected,validation,stage_evidence,readability,1.9182,calculus,calc_integrals,4,yes,yes,readability
e04dcde4-7c77-4c56-b235-21afe02c0344,2026-08-12T05:04:24.993809+00:00,,pending,accepted,accepted,,3.1724,calculus,calc_integrals,5,no,,
9713bc66-7fce-4744-ac90-6710d39a87b8,2026-08-12T05:04:24.993809+00:00,,rejected,validation,stage_evidence,equation unusable,1.2897,calculus,calc_integrals,5,yes,yes,equation unusable
254a3c84-a055-44cf-89e3-0d31f871470c,2026-08-12T05:06:50.349758+00:00,,rejected,design,stage_evidence,other,3.3201,,,,no,,
0b6f1b8d-05e0-41e8-9e57-0bd3627c6ed2,2026-08-12T05:07:18.203448+00:00,,pending,accepted,accepted,,2.7258,calculus,calc_limits,1,no,,
42a338a5-2ecc-480c-af6c-d0aecc5acd64,2026-08-12T05:07:49.346296+00:00,,rejected,validation,stage_evidence,readability,1.3407,calculus,calc_limits,1,yes,yes,readability
98a8356d-8236-432f-ac70-4d80f67033e4,2026-08-12T05:07:49.346296+00:00,,pending,accepted,accepted,,2.5662,calculus,calc_limits,1,no,,
e84517ca-3e02-407c-b5a4-31acfca512f7,2026-08-12T05:09:02.870647+00:00,,pending,accepted,accepted,,2.7095,calculus,calc_limits,1,no,,
a1e0990f-291b-4b05-8956-a07ba43cf37a,2026-08-12T05:09:36.496926+00:00,,rejected,validation,stage_evidence,readability,1.1922,calculus,calc_limits,2,yes,yes,readability
214d2a9d-af70-4ae6-b408-70904db93597,2026-08-12T05:09:36.496926+00:00,,pending,accepted,accepted,,2.4053,calculus,calc_limits,1,no,,
b865641b-c401-4cb8-b526-89f4684e0623,2026-08-12T05:10:02.543677+00:00,,pending,accepted,accepted,,2.6493,algebra_2,alg2_exponential_log,2,no,,
deceef47-8268-4cd7-87e0-f3c6e29464dc,2026-08-12T05:11:12.703988+00:00,,pending,accepted,accepted,,2.6356,algebra_2,alg2_exponential_log,2,no,,
1f703feb-33e5-4175-a21e-af6750368b9c,2026-08-12T05:11:53.682405+00:00,,pending,accepted,accepted,,2.6552,algebra_2,alg2_exponential_log,2,no,,
d96c42ae-2d76-4472-87c0-a9eb4d90ef83,2026-08-12T05:12:28.753742+00:00,,pending,accepted,accepted,,3.9317,algebra_2,alg2_exponential_log,2,no,,
adad1d0a-bffd-4d93-b92b-a2f9f1b5227a,2026-08-12T05:12:28.753742+00:00,,rejected,judge,stage_evidence,options,2.8734,algebra_2,alg2_exponential_log,3,yes,no,
6676ff91-b88d-42bc-91c9-ef19bac42893,2026-08-12T05:14:04.403468+00:00,,rejected,difficulty,stage_evidence,difficulty rubric,2.6462,algebra_2,alg2_exponential_log,4,yes,no,
bb47fcd4-21ac-4170-97b3-a6359e338d19,2026-08-12T05:14:48.257140+00:00,,rejected,judge,stage_evidence,hint ladder,2.8909,algebra_2,alg2_exponential_log,4,yes,no,
ea3142d4-bb3c-4fb5-9bfe-2d7b04343e92,2026-08-12T05:14:48.257140+00:00,,rejected,difficulty,stage_evidence,difficulty rubric,2.8289,algebra_2,alg2_exponential_log,4,yes,no,
257484a7-dd4a-4ebc-a60c-2816ffe172aa,2026-08-12T05:15:58.648413+00:00,,rejected,validation,stage_evidence,equation unusable,1.4952,algebra_2,alg2_irrational,1,yes,yes,equation unusable|math notation
a81a8657-30c7-4364-b8d1-67ac77119b35,2026-08-12T05:15:58.648413+00:00,,rejected,validation,stage_evidence,answer key: several options match,1.4697,algebra_2,alg2_irrational,1,yes,yes,math notation
fb8434d6-2258-4b5a-9115-6f44dfa0127b,2026-08-12T05:16:41.201137+00:00,,rejected,validation,stage_evidence,answer key: several options match,1.4727,algebra_2,alg2_irrational,1,yes,yes,math notation
d005f462-4e16-4997-a4fb-37f62c2f4fdf,2026-08-12T05:16:41.201137+00:00,,rejected,validation,stage_evidence,answer key: several options match,1.5522,algebra_2,alg2_irrational,1,yes,yes,math notation
ea92f04e-c2a9-4282-8e5d-d45b64616477,2026-08-12T05:17:21.260611+00:00,,rejected,validation,stage_evidence,answer key: derived answer disagrees,1.4367,algebra_2,alg2_irrational,2,yes,yes,answer key: derived answer disagrees
ff6989ae-19a6-4554-b1b0-86942d1cad7a,2026-08-12T05:17:21.260611+00:00,,rejected,validation,stage_evidence,answer key: several options match,1.6557,algebra_2,alg2_irrational,2,yes,yes,math notation
cf0b8f31-be48-4f7a-b5ed-010b23fef5e0,2026-08-12T05:18:01.155280+00:00,,rejected,solver,stage_evidence,options,2.4289,algebra_2,alg2_irrational,2,yes,yes,math notation
81e46264-a60f-477a-b34d-efa30f131ba0,2026-08-12T05:18:01.155280+00:00,,rejected,validation,stage_evidence,answer key: several options match,1.4217,algebra_2,alg2_irrational,2,yes,yes,math notation
fe48229f-2b4d-4717-9a8d-0d55d87f0325,2026-08-12T05:18:57.005460+00:00,,rejected,validation,stage_evidence,answer key: several options match,1.9332,algebra_2,alg2_polynomial_factor,3,yes,yes,answer key: several options match|math notation
300f145d-1b05-4bc5-b12c-7ae729e974e6,2026-08-12T05:18:57.005460+00:00,,rejected,validation,stage_evidence,answer key: derived answer disagrees,1.7682,algebra_2,alg2_polynomial_factor,3,yes,yes,answer key: several options match
f7d48870-6566-4a88-b16f-e8b0d284d8ad,2026-08-12T05:19:51.992975+00:00,,rejected,validation,stage_evidence,answer key: derived answer disagrees,1.7127,algebra_2,alg2_polynomial_factor,3,yes,yes,answer key: several options match
70f6a5b3-e88d-4123-a01d-83e30a6052b5,2026-08-12T05:19:51.992975+00:00,,rejected,validation,stage_evidence,answer key: derived answer disagrees,1.6467,algebra_2,alg2_polynomial_factor,3,yes,yes,answer key: derived answer disagrees|answer key: several options match|math notation
3c8edfd7-fac4-4444-80b6-9cc253630883,2026-08-12T05:20:36.901889+00:00,,rejected,validation,stage_evidence,answer key: derived answer disagrees,1.8507,algebra_2,alg2_polynomial_factor,4,yes,yes,answer key: several options match
c4332f5e-f205-404f-90fb-ddb0536aaab6,2026-08-12T05:20:36.901889+00:00,,rejected,validation,stage_evidence,answer key: derived answer disagrees,1.2402,algebra_2,alg2_polynomial_factor,4,yes,yes,answer key: derived answer disagrees|answer key: several options match|math notation
24ef1779-30e0-4d6e-be9b-cf4302f6f55d,2026-08-12T05:21:22.953394+00:00,,rejected,validation,stage_evidence,answer key: derived answer disagrees,1.7487,algebra_2,alg2_polynomial_factor,4,yes,no,
6d34441a-b1f4-45bb-b159-a71e06bd54d1,2026-08-12T05:21:22.953394+00:00,,rejected,solver,stage_evidence,options,2.7753,algebra_2,alg2_polynomial_factor,4,yes,yes,math notation
8c5e1fdd-c5c6-40ea-99d5-421e08f0acc0,2026-08-12T05:23:56.769213+00:00,,rejected,circuit_open,stage_evidence,other,0.0000,,,,no,,
7e752097-c3d9-4ba1-9cbb-8152e165b12b,2026-08-12T05:23:56.775232+00:00,,rejected,circuit_open,stage_evidence,other,0.0000,,,,no,,
6a265ce9-60ed-45ca-9623-413d2866769e,2026-08-12T05:23:56.780738+00:00,,rejected,circuit_open,stage_evidence,other,0.0000,,,,no,,
14d531e2-d706-486d-94b7-4334769021f2,2026-08-12T05:23:56.785685+00:00,,rejected,circuit_open,stage_evidence,other,0.0000,,,,no,,
440f41eb-6f0b-4de1-b309-e685c596aa51,2026-08-12T05:23:56.790652+00:00,,rejected,circuit_open,stage_evidence,other,0.0000,,,,no,,
df81a6ae-f848-4bf2-b4c2-9de5f7ecdcfe,2026-08-12T05:23:56.795609+00:00,,rejected,circuit_open,stage_evidence,other,0.0000,,,,no,,
8d18ca58-c48f-4151-b357-a2100f9b9031,2026-08-12T05:23:56.800351+00:00,,rejected,circuit_open,stage_evidence,other,0.0000,,,,no,,
3e171c04-39cb-4033-949c-2bdaede0c5d0,2026-08-12T05:23:56.806249+00:00,,rejected,circuit_open,stage_evidence,other,0.0000,,,,no,,
c2f3cb2e-db16-47f4-accd-01293ff66cd7,2026-08-12T05:23:56.811128+00:00,,rejected,circuit_open,stage_evidence,other,0.0000,,,,no,,
05acad0a-ec20-4f63-944d-1263fc321b3f,2026-08-12T05:23:56.816610+00:00,,rejected,circuit_open,stage_evidence,other,0.0000,,,,no,,
f6dbe810-7288-49f2-b23f-66fd878900c7,2026-08-12T05:23:56.822631+00:00,,rejected,circuit_open,stage_evidence,other,0.0000,,,,no,,
993c2167-4c23-4f52-96dc-58f12a0247b7,2026-08-12T05:23:56.827456+00:00,,rejected,circuit_open,stage_evidence,other,0.0000,,,,no,,
a6ebb541-d6d0-470b-b13f-97d513312f50,2026-08-12T05:23:56.832490+00:00,,rejected,circuit_open,stage_evidence,other,0.0000,,,,no,,
fd40b6f5-113d-4ee7-aa7b-cb2f9d920dc7,2026-08-12T05:23:56.837159+00:00,,rejected,circuit_open,stage_evidence,other,0.0000,,,,no,,
a65c11e9-3eef-4213-b8f7-3e3aa0c44e26,2026-08-12T05:23:56.842542+00:00,,rejected,circuit_open,stage_evidence,other,0.0000,,,,no,,
7c749074-02cf-40bd-a241-c307e671619f,2026-08-12T05:23:56.849360+00:00,,rejected,circuit_open,stage_evidence,other,0.0000,,,,no,,
f45f3ff0-7a9a-4445-ad54-f021944ff4ff,2026-08-12T05:23:56.855407+00:00,,rejected,circuit_open,stage_evidence,other,0.0000,,,,no,,
5e11c349-b179-4907-b515-b1742b29a347,2026-08-12T05:23:56.859730+00:00,,rejected,circuit_open,stage_evidence,other,0.0000,,,,no,,
efb0adc0-abd2-4ca6-a8e8-a846fb43ab6b,2026-08-12T05:23:56.863530+00:00,,rejected,circuit_open,stage_evidence,other,0.0000,,,,no,,
63489e9a-40bf-40b7-9e9c-63ca86afbbef,2026-08-12T05:23:56.867062+00:00,,rejected,circuit_open,stage_evidence,other,0.0000,,,,no,,
e55ffc00-ba82-447b-8c44-da4299452158,2026-08-12T05:23:59.542127+00:00,,rejected,judge,stage_evidence,hint ladder,2.6313,statistics_advanced,adv_matrices,4,yes,no,
188e31a0-b42d-44eb-969c-3da4d12ceac7,2026-08-12T05:23:59.542127+00:00,,rejected,judge,stage_evidence,math notation,2.8114,statistics_advanced,adv_matrices,4,yes,no,
f46c87c1-9b5c-419c-ae9b-a389592ef3cd,2026-08-12T05:26:32.951768+00:00,,rejected,generator,stage_evidence,other,0.0000,statistics_advanced,adv_matrices,4,no,,
4d03da78-4433-452e-975d-e1b838a169b6,2026-08-12T05:27:04.658111+00:00,,pending,accepted,accepted,,3.0626,statistics_advanced,adv_matrices,4,no,,
7503d3dc-9a5e-4f63-a0d8-88b29a6eb460,2026-08-12T05:28:06.688138+00:00,,pending,accepted,accepted,,2.7356,statistics_advanced,adv_matrices,4,no,,
b5ea0ded-2f09-4f84-b5fc-b0a19fccd3cc,2026-08-12T05:28:42.891542+00:00,,rejected,difficulty,stage_evidence,difficulty rubric,2.5829,statistics_advanced,adv_vectors,4,yes,no,
bb81ade3-099c-4055-8b5a-26a67937d13e,2026-08-12T05:29:21.209198+00:00,,rejected,difficulty,stage_evidence,difficulty rubric,2.7419,statistics_advanced,adv_vectors,4,yes,no,
75d8154c-6012-4aaa-b987-e6feb3ea4bea,2026-08-12T05:29:58.851577+00:00,,pending,accepted,accepted,,3.3680,statistics_advanced,adv_vectors,2,no,,
4ebf4a19-dd8f-400f-8a76-b95638acffae,2026-08-12T05:30:46.954841+00:00,,pending,accepted,accepted,,2.8794,statistics_advanced,adv_vectors,2,no,,
7aad27c0-9eb7-4a16-9fb8-df01b2584b03,2026-08-12T05:31:29.129101+00:00,,pending,accepted,accepted,,3.0174,statistics_advanced,stat_descriptive,1,no,,
f081c927-222a-4be9-8582-878864262bfe,2026-08-12T05:32:11.096929+00:00,,pending,accepted,accepted,,2.5325,statistics_advanced,stat_descriptive,1,no,,
21db65b8-b0b4-4975-8472-199269f91f19,2026-08-12T05:32:49.551218+00:00,,pending,accepted,accepted,,2.4059,statistics_advanced,stat_descriptive,1,no,,
9f1430d4-2aec-412a-b576-52600732d1ed,2026-08-12T05:33:20.196719+00:00,,pending,accepted,accepted,,2.1775,statistics_advanced,stat_descriptive,1,no,,
327d0659-85bf-4216-94af-94c229651593,2026-08-12T05:33:57.247826+00:00,,rejected,dedup,stage_evidence,other,1.3228,statistics_advanced,stat_descriptive,3,yes,no,
c65ca62c-8b7a-44e8-8562-9950434def33,2026-08-12T05:34:16.662255+00:00,,rejected,dedup,stage_evidence,other,1.0513,statistics_advanced,stat_descriptive,3,yes,no,
df65e25c-f56e-43e8-a02d-3b0bf3f07041,2026-08-12T05:34:40.544167+00:00,,pending,accepted,accepted,,2.3349,statistics_advanced,stat_probability,2,no,,
8032108c-7329-44cf-9031-81130eeb5ba6,2026-08-12T05:35:16.162444+00:00,,pending,accepted,accepted,,2.4563,statistics_advanced,stat_probability,2,no,,
846bcbe2-1d72-43b2-b51a-b8c787c547f1,2026-08-12T05:35:58.334613+00:00,,pending,accepted,accepted,,2.9095,statistics_advanced,stat_probability,3,no,,
2a4501de-0d84-40b7-b879-af41ab81b81b,2026-08-12T05:36:41.492349+00:00,,pending,accepted,accepted,,2.8531,statistics_advanced,stat_probability,3,no,,
7f5723f8-0fb9-4163-baa7-b2daee52f027,2026-08-12T05:38:06.923535+00:00,,pending,accepted,accepted,,2.8347,statistics_advanced,stat_probability,3,no,,
488041ac-aa14-48a4-8440-776cac51207a,2026-08-12T05:38:49.986255+00:00,,pending,accepted,accepted,,2.8359,statistics_advanced,stat_probability,2,no,,
e3c27725-ae30-4987-89f2-7786188a541a,2026-08-12T16:43:55.555451+00:00,,rejected,validation,stage_evidence,answer key: derived answer disagrees,1.0362,algebra_1,alg1_square_roots,1,yes,no,
51559397-00b0-493a-b532-a3948b965117,2026-08-12T16:44:49.033886+00:00,,rejected,validation,stage_evidence,answer key: derived answer disagrees,1.0482,algebra_1,alg1_square_roots,1,yes,yes,answer key: derived answer disagrees
b2845084-4d50-45cd-9fc6-64e35035b15c,2026-08-12T16:45:11.254527+00:00,,rejected,validation,stage_evidence,answer key: derived answer disagrees,1.3422,algebra_1,alg1_square_roots,1,yes,no,
cfcb18c6-628f-4729-988c-4f6d71b33f4c,2026-08-12T16:45:13.219144+00:00,,rejected,difficulty,stage_evidence,difficulty rubric,3.9765,algebra_2,alg2_exponential_log,4,yes,no,
82c1bd5a-b5f1-46ad-9b1c-c3ce5ea35b07,2026-08-12T16:46:38.167958+00:00,,rejected,difficulty,stage_evidence,difficulty rubric,3.4592,algebra_2,alg2_exponential_log,4,yes,no,
7dd413f4-4965-476e-b9ac-8e35f458575f,2026-08-12T16:47:34.118812+00:00,,rejected,difficulty,stage_evidence,difficulty rubric,2.8267,algebra_2,alg2_exponential_log,4,yes,no,
b70ab507-9002-4ba3-82a8-bd9cab0b6064,2026-08-12T16:48:22.760757+00:00,,rejected,validation,stage_evidence,answer key: several options match,1.5672,algebra_2,alg2_irrational,1,yes,yes,math notation
897c66db-c1b7-46ff-a54c-70785887bdd5,2026-08-12T16:48:53.295239+00:00,,rejected,validation,stage_evidence,answer key: several options match,1.7622,algebra_2,alg2_irrational,1,yes,yes,math notation
110f7fc9-5e65-4e4e-9081-05843c830197,2026-08-12T16:49:13.273718+00:00,,rejected,validation,stage_evidence,answer key: derived answer disagrees,1.0467,algebra_2,alg2_irrational,1,yes,no,
bb47f002-d9d8-44cc-87a9-d3b5733d1d64,2026-08-12T16:49:47.313577+00:00,,rejected,difficulty,stage_evidence,difficulty rubric,3.0661,algebra_2,alg2_polynomial_factor,4,yes,no,
8ac170f7-fcdb-4ceb-8940-31d945be8f2c,2026-08-12T16:50:30.542976+00:00,,rejected,difficulty,stage_evidence,difficulty rubric,3.0840,algebra_2,alg2_polynomial_factor,4,yes,no,
5bb89a7f-f698-4e57-b76f-7b45b639c614,2026-08-12T16:51:19.818621+00:00,,rejected,validation,stage_evidence,readability,1.7307,algebra_2,alg2_polynomial_factor,4,yes,yes,readability
da57dc40-de61-458e-b926-b0618136da90,2026-08-12T16:51:49.284466+00:00,,rejected,difficulty,stage_evidence,difficulty rubric,2.9286,algebra_2,alg2_quadratic_functions,4,yes,no,
c9763d3a-eadc-4f93-8b25-cfb8c7b9beaa,2026-08-12T16:52:29.115632+00:00,,rejected,difficulty,stage_evidence,difficulty rubric,2.9781,algebra_2,alg2_quadratic_functions,4,yes,no,
d75b39d2-c688-404c-a7a3-9a7dd4cb4f4c,2026-08-12T16:53:10.487274+00:00,,rejected,difficulty,stage_evidence,difficulty rubric,2.9750,algebra_2,alg2_quadratic_functions,4,yes,no,
7e4177a6-825a-42cf-9e51-e4851b516b21,2026-08-12T16:53:57.184096+00:00,,rejected,judge,stage_evidence,options,2.6532,algebra_2,alg2_rational_radical,4,yes,no,
10c24766-8003-46cd-9d0e-5ddf1819ab9e,2026-08-12T16:54:43.778044+00:00,,rejected,validation,stage_evidence,readability,1.9002,algebra_2,alg2_rational_radical,4,yes,yes,readability
56b8b820-c802-4a28-9785-7f707f90ae15,2026-08-12T16:55:13.692011+00:00,,rejected,judge,stage_evidence,hint ladder,3.1246,algebra_2,alg2_rational_radical,4,yes,no,
438fd5f6-4ae5-4318-9504-a9b381d0809c,2026-08-12T16:56:13.443641+00:00,,rejected,judge,stage_evidence,options,2.8228,algebra_2,alg2_rational_radical,5,yes,no,
ec2beeaa-8d38-4d2d-9a42-b61c118f1c57,2026-08-12T16:56:59.258889+00:00,,rejected,difficulty,stage_evidence,difficulty rubric,2.9593,algebra_2,alg2_rational_radical,5,yes,no,
b48f0f1a-e655-4164-a2fa-545fc7268e25,2026-08-12T16:57:42.804156+00:00,,rejected,difficulty,stage_evidence,difficulty rubric,3.1141,algebra_2,alg2_rational_radical,5,yes,no,
223a95b6-551b-43f4-9582-bf548c7f7a1f,2026-08-12T16:58:26.807659+00:00,,rejected,difficulty,stage_evidence,difficulty rubric,3.1668,algebra_2,alg2_remainder_factor_theorem,4,yes,no,
116e62f8-703b-42ba-a650-99107b3da8e4,2026-08-12T16:59:12.894422+00:00,,pending,accepted,accepted,,3.3969,algebra_2,alg2_remainder_factor_theorem,4,no,,
19f1b12e-50e4-44ef-9ab1-b1ebd9d55c36,2026-08-12T16:59:54.906437+00:00,,pending,accepted,accepted,,3.4285,algebra_2,alg2_remainder_factor_theorem,4,no,,
2c9da644-b623-4bd9-936e-d19a86632361,2026-08-12T17:00:48.144370+00:00,,pending,accepted,accepted,,3.2693,algebra_2,alg2_remainder_factor_theorem,4,no,,
ba909859-9a87-411c-9bb1-39298c77d464,2026-08-12T17:01:33.695536+00:00,,pending,accepted,accepted,,3.0967,algebra_2,alg2_remainder_factor_theorem,4,no,,
4f0f7fb4-b17b-4742-8097-34f41d5d6e14,2026-08-12T17:03:08.781709+00:00,,rejected,generator,stage_evidence,other,0.0000,algebra_2,alg2_remainder_factor_theorem,5,no,,
d25da222-c460-4af5-8a3b-e69ce609af7c,2026-08-12T17:03:37.922687+00:00,,pending,accepted,accepted,,2.9179,algebra_2,alg2_sequences,2,no,,
9d506b6b-bfc1-44b6-b173-938ac0a970b4,2026-08-12T17:04:24.156445+00:00,,pending,accepted,accepted,,3.1392,algebra_2,alg2_sequences,2,no,,
967b52d2-6250-418d-a7e5-7914b0eb3745,2026-08-12T17:05:09.112484+00:00,,rejected,validation,stage_evidence,math notation,1.7142,algebra_2,alg2_sequences,4,yes,yes,math notation
b56f1857-5f95-43cd-8a8c-47e37fb71452,2026-08-12T17:05:38.327445+00:00,,rejected,validation,stage_evidence,answer key: derived answer disagrees,1.6722,algebra_2,alg2_sequences,5,yes,yes,answer key: derived answer disagrees
d7edb5eb-5df5-4d5b-934a-5680ed82fb04,2026-08-12T17:06:05.817012+00:00,,pending,accepted,accepted,,2.7573,algebra_2,alg2_sequences,2,no,,
4c7765a8-81ca-4594-9c22-127dd24a3f7c,2026-08-12T17:06:50.959594+00:00,,pending,accepted,accepted,,3.0433,algebra_2,alg2_sequences,2,no,,
21726efb-671a-48c3-9d30-43db08d00615,2026-08-12T17:07:07.511453+00:00,,rejected,difficulty,stage_evidence,difficulty rubric,2.3185,g1_addition,g1_add_within_28,5,yes,no,
b1e37d09-687a-4a37-83a4-b1449540211c,2026-08-12T17:08:11.264341+00:00,,pending,accepted,accepted,,2.0420,g1_addition,g1_add_within_28,4,no,,
2e8ee810-4c5e-4064-81b8-d768613e4a77,2026-08-12T17:08:54.531940+00:00,,rejected,difficulty,stage_evidence,difficulty rubric,2.5905,g1_addition,g1_add_within_28,5,yes,no,
139f606a-0d26-4f83-96c4-c2ea34db8e8b,2026-08-12T17:09:09.872993+00:00,,rejected,difficulty,stage_evidence,difficulty rubric,2.7835,g1_word_problems,g1_wp_choose_operation,5,yes,no,
37667780-072c-45ff-9d3e-093093e6a9f9,2026-08-12T17:10:27.806420+00:00,,pending,accepted,accepted,,2.5031,g1_word_problems,g1_wp_choose_operation,4,no,,
9ff895ec-5ee8-40f9-99a2-af027ccbad16,2026-08-12T17:11:10.525834+00:00,,pending,accepted,accepted,,2.5243,g1_word_problems,g1_wp_choose_operation,4,no,,
3fd2ee9a-8950-4859-a4ff-dd52ee60c185,2026-08-12T17:11:48.829861+00:00,,pending,accepted,accepted,,2.3178,g1_word_problems,g1_wp_single_operation,1,no,,
369b940d-57ea-4617-93c2-badfeef5637a,2026-08-12T17:12:21.571231+00:00,,pending,accepted,accepted,,2.1585,g1_word_problems,g1_wp_single_operation,1,no,,
333c4bcb-d7df-4644-902e-5454282efc88,2026-08-12T17:12:56.742640+00:00,,pending,accepted,accepted,,2.0266,g1_word_problems,g1_wp_single_operation,1,no,,
7e470219-c9ea-4045-9c23-8a4cd6fa9dd1,2026-08-12T17:13:25.011773+00:00,,pending,accepted,accepted,,1.9748,g1_word_problems,g1_wp_single_operation,1,no,,
42a27669-251b-4d56-abcd-bd0c7be66035,2026-08-12T17:14:02.244969+00:00,,pending,accepted,accepted,,2.3012,g1_word_problems,g1_wp_single_operation,1,no,,
b85b73a9-fe3c-4fbe-b1e8-ff2f99cbfa8d,2026-08-12T17:14:41.349144+00:00,,pending,accepted,accepted,,2.4310,g1_word_problems,g1_wp_single_operation,1,no,,
bb3040c6-3c11-407d-be41-47ba179e2e37,2026-08-12T17:14:54.238488+00:00,,pending,accepted,accepted,,2.0104,g2_addition,g2_add_three_numbers,5,no,,
7bd5d735-5332-4888-95cc-95278ad2bf2e,2026-08-12T17:15:51.608364+00:00,,rejected,difficulty,stage_evidence,difficulty rubric,2.4706,g2_addition,g2_add_three_numbers,5,yes,no,
a2901bbf-d88e-48e5-866b-7408e9663ed4,2026-08-12T17:16:26.399888+00:00,,pending,accepted,accepted,,2.2364,g2_addition,g2_add_three_numbers,5,no,,
cc9f57e6-bbae-418b-86ee-738ebc135078,2026-08-12T17:16:55.106830+00:00,,pending,accepted,accepted,,1.7781,g2_addition,g2_add_within_100,1,no,,
da4f6daa-5b2b-4a41-96a7-55facd468b8a,2026-08-12T17:17:23.541170+00:00,,rejected,validation,stage_evidence,equation unusable,0.8442,g2_addition,g2_add_within_100,1,yes,yes,equation unusable
1699f60c-d941-4dba-89f5-28625f177b07,2026-08-12T17:17:47.137671+00:00,,pending,accepted,accepted,,2.1370,g2_addition,g2_add_within_100,1,no,,
d1df7842-4e00-4368-be0a-692a1c706c75,2026-08-12T17:18:00.254554+00:00,,rejected,difficulty,stage_evidence,difficulty rubric,2.4400,g2_subtraction,g2_sub_three_numbers,5,yes,no,
21f83327-5352-442c-b0ee-c86ce80c6019,2026-08-12T17:19:07.040087+00:00,,rejected,difficulty,stage_evidence,difficulty rubric,2.4006,g2_subtraction,g2_sub_three_numbers,5,yes,no,
fd015f7d-b163-4372-b62d-93a27d7ae44e,2026-08-12T17:20:08.316782+00:00,,rejected,difficulty,stage_evidence,difficulty rubric,3.0652,g2_subtraction,g2_sub_three_numbers,5,yes,no,
d3a97a45-4f72-42be-bc98-90a4aeb850b8,2026-08-12T17:20:44.562426+00:00,,pending,accepted,accepted,,1.9958,g2_subtraction,g2_sub_two_digit,1,no,,
1948afe4-9d98-4340-aab0-b170dc520f8e,2026-08-12T17:21:13.467182+00:00,,pending,accepted,accepted,,2.0018,g2_subtraction,g2_sub_two_digit,2,no,,
360be912-b266-466f-a17c-6b3242127b68,2026-08-12T17:21:47.438491+00:00,,pending,accepted,accepted,,2.1542,g2_subtraction,g2_sub_two_digit,1,no,,
e42dc555-7ee8-4d95-9929-1b62fde0cd61,2026-08-12T17:22:00.559901+00:00,,rejected,validation,stage_evidence,equation unusable,1.2657,g2_word_problems,g2_wp_measurement_context,3,yes,yes,equation unusable
53566544-00a4-4466-a779-db2fde2a67af,2026-08-12T17:22:49.211293+00:00,,pending,accepted,accepted,,2.5826,g2_word_problems,g2_wp_measurement_context,2,no,,
a102f0bf-8597-4515-a351-6ce282cb06eb,2026-08-12T17:23:27.136253+00:00,,pending,accepted,accepted,,2.3867,g2_word_problems,g2_wp_measurement_context,2,no,,
4be8be8f-0767-4e63-acb5-ff9efde0b13f,2026-08-12T17:24:11.237828+00:00,,rejected,difficulty,stage_evidence,difficulty rubric,2.8442,g2_word_problems,g2_wp_measurement_context,4,yes,no,
3cde5489-dce5-4c9d-a8b8-378bbcfc7aa4,2026-08-12T17:24:48.543227+00:00,,rejected,difficulty,stage_evidence,difficulty rubric,2.2534,g2_word_problems,g2_wp_measurement_context,4,yes,no,
38ebff41-6bcc-46e2-8fd5-00292bd1d159,2026-08-12T17:25:30.599618+00:00,,rejected,difficulty,stage_evidence,difficulty rubric,2.4417,g2_word_problems,g2_wp_measurement_context,4,yes,no,
72189c9f-c861-4d39-bfaa-61298635ba9b,2026-08-12T17:26:32.810427+00:00,,rejected,difficulty,stage_evidence,difficulty rubric,2.8277,g2_word_problems,g2_wp_multi_step,5,yes,no,
772cafb7-c989-4883-aea5-7ad3a4adc94d,2026-08-12T17:27:14.649736+00:00,,rejected,difficulty,stage_evidence,difficulty rubric,2.9131,g2_word_problems,g2_wp_multi_step,5,yes,no,
9a7fe4a7-ddc3-4fc6-a500-6aaa50091142,2026-08-12T17:28:18.360883+00:00,,rejected,difficulty,stage_evidence,difficulty rubric,2.9067,g2_word_problems,g2_wp_multi_step,5,yes,no,
b9cb1c3a-1851-4e9a-8cb5-198a78fe22ea,2026-08-12T17:28:34.229419+00:00,,pending,accepted,accepted,,2.0929,g4_word_problems,g4_wp_formula_mixed,5,no,,
42a28a15-1f90-470a-a5cf-6c6147522fa7,2026-08-12T17:29:35.454884+00:00,,rejected,difficulty,stage_evidence,difficulty rubric,2.3203,g4_word_problems,g4_wp_formula_mixed,5,yes,no,
7e5a3278-c1a8-4a93-b326-4b89f2bb3fed,2026-08-12T17:30:14.349820+00:00,,rejected,difficulty,stage_evidence,difficulty rubric,2.4654,g4_word_problems,g4_wp_formula_mixed,5,yes,no,
c73ade54-cddc-440e-9d8d-23c6681440f8,2026-08-12T17:30:28.089138+00:00,,rejected,difficulty,stage_evidence,difficulty rubric,2.7973,g5_word_problems,g5_wp_fractions,1,yes,no,
8ba25a26-9a06-4e04-be58-837bcd3104c7,2026-08-12T17:31:48.731079+00:00,,rejected,difficulty,stage_evidence,difficulty rubric,2.7302,g5_word_problems,g5_wp_fractions,1,yes,no,
59d46d4e-6f9c-458a-ba4a-23ceab98cd5b,2026-08-12T17:32:36.138383+00:00,,rejected,difficulty,stage_evidence,difficulty rubric,2.6958,g5_word_problems,g5_wp_fractions,1,yes,no,
a95d030f-0084-4d27-8676-e85718d68b28,2026-08-12T17:32:50.310037+00:00,,pending,accepted,accepted,,3.3558,g68_word_problems,g68_wp_inequalities,4,no,,
81cb2538-0aa6-489f-bd05-8748572a0dc9,2026-08-12T17:34:09.019844+00:00,,rejected,difficulty,stage_evidence,difficulty rubric,2.6925,g68_word_problems,g68_wp_inequalities,4,yes,no,
557a175a-b154-420d-bd10-35c502f0cf31,2026-08-12T17:34:52.851605+00:00,,rejected,difficulty,stage_evidence,difficulty rubric,2.8470,g68_word_problems,g68_wp_inequalities,4,yes,no,
962a628d-4e03-47bb-93f7-e616dae4934c,2026-08-12T17:35:37.450868+00:00,,rejected,validation,stage_evidence,answer key: derived answer disagrees,1.5222,g68_word_problems,g68_wp_inequalities,5,yes,no,
4c710307-6e53-4a39-82d6-372ac1ffb298,2026-08-12T17:36:07.109575+00:00,,rejected,difficulty,stage_evidence,difficulty rubric,2.8642,g68_word_problems,g68_wp_inequalities,5,yes,no,
a4bcb0c0-2403-433f-8e81-5fad96bb7fc5,2026-08-12T17:36:42.609504+00:00,,rejected,validation,stage_evidence,answer key: derived answer disagrees,1.2672,g68_word_problems,g68_wp_inequalities,5,yes,no,
f3ef703b-7184-441a-8577-968ddc9fc3ab,2026-08-12T17:37:37.094618+00:00,,pending,accepted,accepted,,2.6702,g68_word_problems,g68_wp_proportion,2,no,,
96b26776-dc45-4bef-b49e-72e0b6af2bcd,2026-08-12T17:39:00.460754+00:00,,rejected,design,stage_evidence,other,4.4580,,,,no,,
e7ffd3d3-d146-4057-97d0-1637d4516a3a,2026-08-12T17:39:35.743645+00:00,,pending,accepted,accepted,,3.0175,g68_word_problems,g68_wp_proportion,2,no,,
06045e92-63f6-4bca-ae6b-dfa98e9b8885,2026-08-12T17:39:52.719922+00:00,,rejected,validation,stage_evidence,answer key: several options match,1.3437,g6_fractions,g6_fraction_reduce,1,yes,no,
1b93640b-dbdb-4d44-b8e2-3034b0972852,2026-08-12T17:40:36.717188+00:00,,rejected,validation,stage_evidence,answer key: several options match,1.1022,g6_fractions,g6_fraction_reduce,1,yes,no,
5f8b8adc-6b71-4c21-8bcd-2446d40053c0,2026-08-12T17:41:01.087509+00:00,,rejected,validation,stage_evidence,answer key: several options match,1.5042,g6_fractions,g6_fraction_reduce,1,yes,no,
ed248647-fff3-4f89-a4a6-410466708353,2026-08-12T17:41:03.012995+00:00,,rejected,difficulty,stage_evidence,difficulty rubric,2.5134,g6_word_problems,g6_wp_rate_speed,4,yes,no,
707c8b2e-f4f0-4957-8335-f2e237e6f473,2026-08-12T17:42:05.796058+00:00,,rejected,difficulty,stage_evidence,difficulty rubric,2.6975,g6_word_problems,g6_wp_rate_speed,4,yes,no,
5235d676-233b-4a29-9561-d24718bb999a,2026-08-12T17:42:44.507919+00:00,,rejected,difficulty,stage_evidence,difficulty rubric,2.6139,g6_word_problems,g6_wp_rate_speed,4,yes,no,
53bbb3fa-b6eb-4480-899c-fd41c4d8387a,2026-08-12T17:43:30.334098+00:00,,rejected,difficulty,stage_evidence,difficulty rubric,2.8691,g6_word_problems,g6_wp_ratio_proportion,4,yes,no,
306e5754-fe75-4330-a9fa-e48873c9156c,2026-08-12T17:44:08.177501+00:00,,pending,accepted,accepted,,2.4924,g6_word_problems,g6_wp_ratio_proportion,3,no,,
8741ad77-743f-47a4-8b42-f5bb57e0ee6b,2026-08-12T17:44:50.686080+00:00,,pending,accepted,accepted,,2.6388,g6_word_problems,g6_wp_ratio_proportion,3,no,,
335c654e-cf20-4118-8277-b828f9b004b5,2026-08-12T17:45:49.853469+00:00,,rejected,judge,stage_evidence,hint ladder,3.3880,g6_word_problems,g6_wp_ratio_proportion,5,yes,no,
6e5b9199-ec52-4fb3-8a59-4074c860bed2,2026-08-12T17:46:43.381673+00:00,,pending,accepted,accepted,,3.0772,g6_word_problems,g6_wp_ratio_proportion,2,no,,
7b55bbed-58e3-4e54-bc36-1b45a7276986,2026-08-12T17:47:28.804645+00:00,,rejected,validation,stage_evidence,equation unusable,1.5477,g6_word_problems,g6_wp_ratio_proportion,5,yes,yes,equation unusable|math notation
f1388c79-eff5-4d0a-94f9-72b0ebe19cf1,2026-08-12T17:47:31.321843+00:00,,rejected,generator,stage_evidence,other,0.0000,trigonometry,trig_functions,4,no,,
46befb8f-dd2d-472c-ac75-be7b259012c9,2026-08-12T17:49:26.252719+00:00,,rejected,validation,stage_evidence,answer leakage,1.6047,trigonometry,trig_functions,4,yes,yes,answer leakage
5b0c4b27-52c9-4cbe-a896-fd470130b188,2026-08-12T17:50:38.412236+00:00,,pending,accepted,accepted,,3.0142,trigonometry,trig_functions,3,no,,
6242f10a-3f28-4509-b886-9b4937534c7b,2026-08-12T17:51:23.858541+00:00,,pending,accepted,accepted,,3.3044,trigonometry,trig_functions,4,no,,
603ea3d5-8520-493a-b227-59fe47365a12,2026-08-12T17:52:10.168704+00:00,,rejected,difficulty,stage_evidence,difficulty rubric,2.9026,trigonometry,trig_functions,5,yes,no,
170afca6-37f5-4473-af6f-0e4f00f20ad7,2026-08-12T17:53:11.369562+00:00,,rejected,difficulty,stage_evidence,difficulty rubric,3.0842,trigonometry,trig_functions,5,yes,no,
7897bf4f-bf25-4572-b73c-fccbb0e8784e,2026-08-12T17:55:51.966605+00:00,,pending,accepted,accepted,,2.5906,algebra_1,alg1_square_roots,1,no,,
014b1830-6ea3-4f25-b1b4-09fa604d7abc,2026-08-12T17:57:02.510819+00:00,,pending,accepted,accepted,,2.5563,algebra_1,alg1_square_roots,1,no,,
486bf8af-9389-4037-ab73-0258a33adf0d,2026-08-12T17:57:45.303870+00:00,,rejected,validation,stage_evidence,answer key: derived answer disagrees,1.6707,algebra_1,alg1_square_roots,1,yes,yes,answer key: derived answer disagrees|readability
4ff50a6a-6031-4a59-bdd9-a6ee3fa68fa3,2026-08-12T17:58:08.863252+00:00,,rejected,validation,stage_evidence,answer key: derived answer disagrees,1.2432,algebra_1,alg1_square_roots,1,yes,yes,answer key: derived answer disagrees
39ae833a-b909-4c12-9898-43d7a2dbea38,2026-08-12T17:58:10.331805+00:00,,rejected,validation,stage_evidence,answer key: several options match,1.3647,g5_word_problems,g5_wp_fractions,1,yes,yes,answer key: several options match
bf4f8adb-b081-43aa-92b0-45ec893c8130,2026-08-12T17:59:07.524462+00:00,,pending,accepted,accepted,,2.5110,g5_word_problems,g5_wp_fractions,1,no,,
7dc6f03d-84d2-4aaa-bfc5-3be7688eafe9,2026-08-12T17:59:45.093020+00:00,,rejected,validation,stage_evidence,answer key: several options match,1.4157,g5_word_problems,g5_wp_fractions,1,yes,yes,answer key: several options match
f05ed4e4-374c-4c8a-b071-dfee772fd5a4,2026-08-12T18:00:14.065271+00:00,,rejected,validation,stage_evidence,answer key: several options match,1.4502,g5_word_problems,g5_wp_fractions,1,yes,yes,answer key: several options match
c717de37-28fe-42d1-b77a-91cbc156ee91,2026-08-12T18:00:15.198883+00:00,,rejected,validation,stage_evidence,answer key: several options match,1.1667,g6_fractions,g6_fraction_reduce,1,yes,no,
2faa5acb-113d-49de-b45e-6c734dcae835,2026-08-12T18:01:01.529343+00:00,,rejected,validation,stage_evidence,answer key: several options match,1.4907,g6_fractions,g6_fraction_reduce,1,yes,no,
c68ec89a-e0e8-4db6-bed2-2924e8515efe,2026-08-12T18:01:29.552558+00:00,,rejected,validation,stage_evidence,answer key: several options match,1.6647,g6_fractions,g6_fraction_reduce,1,yes,no,
b7159a0b-1ccf-4139-8707-d35d1180b61b,2026-08-12T18:01:56.471106+00:00,,rejected,validation,stage_evidence,answer key: several options match,1.5402,g6_fractions,g6_fraction_reduce,1,yes,no,
c2244087-716b-4725-8cc2-c9c32ca6549e,2026-08-12T18:13:41.282825+00:00,,rejected,judge,stage_evidence,hint ladder,3.3227,algebra_1,alg1_factorization,2,yes,no,
51601586-2229-43cc-bcf9-d5848cc8999e,2026-08-12T18:13:42.546412+00:00,,rejected,validation,stage_evidence,readability,1.0122,algebra_2,alg2_exponential_log,4,yes,yes,readability
0b650195-6674-4000-85c5-109f792267fe,2026-08-12T18:13:44.045131+00:00,,rejected,generator,stage_evidence,other,0.0000,algebra_foundations,alg_distribute,3,no,,
6b859547-87cd-4939-aeac-6e24fe1c9d88,2026-08-12T18:14:32.810509+00:00,,rejected,difficulty,stage_evidence,difficulty rubric,3.0385,algebra_2,alg2_exponential_log,4,yes,no,
b5a674cb-ae8f-4d94-a195-51e62f820ee5,2026-08-12T18:15:03.746132+00:00,,rejected,solver,reason_text,other,2.6795,algebra_1,alg1_factorization,2,yes,no,
11f6a573-9b81-464f-bf9f-68cbcf39921c,2026-08-12T18:15:19.884173+00:00,,rejected,validation,stage_evidence,answer key: several options match,1.5162,algebra_2,alg2_irrational,1,yes,yes,math notation
b8719ab4-47db-428f-8958-2c303ac46066,2026-08-12T18:15:46.251158+00:00,,rejected,validation,stage_evidence,answer key: several options match,1.6632,algebra_2,alg2_irrational,1,yes,yes,math notation
bcd763fc-7e30-4e65-81d2-5166c31c7717,2026-08-12T18:16:32.713013+00:00,,pending,accepted,accepted,,3.1968,algebra_2,alg2_exponential_log,3,no,,
ca9a2cea-1c83-4d8e-923f-c6aa5cd650ea,2026-08-12T18:16:33.926978+00:00,,rejected,design,stage_evidence,other,4.1346,,,,no,,
3adc755d-8439-4a68-84f7-b9cc2a9aafbb,2026-08-12T18:16:44.807984+00:00,,rejected,generator,stage_evidence,other,0.0000,algebra_1,alg1_factorization,3,no,,
725d7009-25db-46c8-9e74-2ee89620cf8e,2026-08-12T18:17:34.307412+00:00,,rejected,validation,stage_evidence,answer key: derived answer disagrees,2.0037,algebra_1,alg1_factorization,3,yes,yes,answer key: derived answer disagrees
de4030ec-2d0c-4e6c-936f-e88ae6f051b8,2026-08-12T18:17:53.056506+00:00,,rejected,solver,stage_evidence,answer key: derived answer disagrees,2.5069,algebra_2,alg2_exponential_log,4,yes,no,
c8c4f461-152b-468e-b0f0-77881e5772b2,2026-08-12T18:18:28.737776+00:00,,rejected,validation,stage_evidence,math notation,1.5777,algebra_2,alg2_irrational,1,yes,yes,math notation
b5a89991-a901-4d5c-8e5b-d80a2fe368ba,2026-08-12T18:18:55.221226+00:00,,rejected,validation,stage_evidence,answer key: several options match,1.4352,algebra_2,alg2_irrational,1,yes,yes,math notation
a385a06f-5318-49da-9542-04515168a594,2026-08-12T18:18:56.107126+00:00,,rejected,validation,stage_evidence,answer key: derived answer disagrees,2.0817,algebra_foundations,alg_distribute,3,yes,no,
f02172f2-fdaf-4075-83bd-55c650abc256,2026-08-12T18:19:09.950625+00:00,,rejected,generator,stage_evidence,other,0.0000,algebra_1,alg1_functions,3,no,,
9041a692-e102-4234-8a78-a284bcc1dd03,2026-08-12T18:19:24.295216+00:00,,pending,accepted,accepted,,3.2049,algebra_foundations,alg_inequalities,3,no,,
e9c66af4-3eb1-440e-b2cf-065cdb39e3ea,2026-08-12T18:19:42.977707+00:00,,rejected,validation,stage_evidence,answer key: derived answer disagrees,1.6017,algebra_1,alg1_functions,3,yes,yes,answer key: derived answer disagrees
ad97fa18-9b91-4d89-90e1-8be6594fa3ff,2026-08-12T18:20:08.223623+00:00,,rejected,validation,stage_evidence,answer key: derived answer disagrees,1.5912,algebra_foundations,alg_inequalities,3,yes,no,
4a24cb55-7bda-435f-bfe6-fe5b7005cdbb,2026-08-12T18:20:35.544833+00:00,,rejected,circuit_open,stage_evidence,other,3.6423,,,,no,,
938a6097-0d35-425a-98a4-3336e1541415,2026-08-12T18:20:37.816297+00:00,,rejected,validation,stage_evidence,answer key: derived answer disagrees,1.7157,algebra_foundations,alg_inequalities,4,yes,yes,answer key: derived answer disagrees
838b7a48-ec3f-4b10-81e5-e25b2c29b5c2,2026-08-12T18:21:08.463605+00:00,,rejected,validation,stage_evidence,answer key: derived answer disagrees,1.6752,algebra_foundations,alg_inequalities,4,yes,yes,answer key: derived answer disagrees
bf670111-c946-4617-b4cb-ba5d69dc8d12,2026-08-12T18:21:42.446108+00:00,,rejected,judge,stage_evidence,hint ladder,3.1623,algebra_foundations,alg_inequalities,5,yes,no,
03d214b5-0823-4471-a6d0-cb5bf8f70a42,2026-08-12T18:21:57.135810+00:00,,rejected,generator,stage_evidence,other,0.0000,algebra_1,alg1_functions,4,no,,
dcfa4ae9-c35e-4496-9498-a63f5f3836c7,2026-08-12T18:22:27.905498+00:00,,pending,accepted,accepted,,3.1938,algebra_foundations,alg_inequalities,4,no,,
08ff701e-89f1-43b3-86fe-a8fbbd7bd58a,2026-08-12T18:22:41.348037+00:00,,rejected,difficulty,stage_evidence,difficulty rubric,2.4415,algebra_1,alg1_functions,4,yes,no,
376256b3-f310-457d-8ff8-8021e29ba26d,2026-08-12T18:22:47.848892+00:00,,pending,accepted,accepted,,3.4476,algebra_2,alg2_polynomial_factor,4,no,,
0b9edd37-428b-4e90-949d-d9a210abea4c,2026-08-12T18:23:20.151042+00:00,,pending,accepted,accepted,,2.7503,algebra_1,alg1_inequalities,2,no,,
ee6f850d-2211-4f4e-9f2a-a49091dae027,2026-08-12T18:23:23.095920+00:00,,pending,accepted,accepted,,2.9496,algebra_foundations,alg_linear_functions,3,no,,
87adad60-48c9-4489-af5c-02979c1cbf16,2026-08-12T18:23:40.521075+00:00,,rejected,validation,stage_evidence,answer leakage,1.7382,algebra_2,alg2_quadratic_functions,4,yes,yes,answer leakage
6472eef4-0b39-434b-b79f-cc11c1cf4602,2026-08-12T18:24:02.089085+00:00,,pending,accepted,accepted,,3.5771,algebra_1,alg1_inequalities,2,no,,
0429e213-5ff2-4b1c-9462-28aa7cbe3d99,2026-08-12T18:24:10.501940+00:00,,rejected,difficulty,stage_evidence,difficulty rubric,3.0834,algebra_2,alg2_quadratic_functions,4,yes,no,
c81414aa-939c-422d-a55c-fcde6ba37bca,2026-08-12T18:24:20.690733+00:00,,rejected,design,stage_evidence,other,3.6600,,,,no,,
46b7fc00-e1df-4a9a-b31e-c7b9c9ceddc0,2026-08-12T18:24:44.998652+00:00,,rejected,difficulty,stage_evidence,difficulty rubric,2.4854,algebra_foundations,alg_linear_functions,4,yes,no,
dd3ef632-cb23-46d6-9f0e-72a769e74b27,2026-08-12T18:24:50.508928+00:00,,rejected,validation,stage_evidence,answer key: derived answer disagrees,1.3737,algebra_1,alg1_inequalities,3,yes,no,
e5874ac4-5b24-4b58-be0c-891d83f299ba,2026-08-12T18:24:52.844330+00:00,,rejected,validation,stage_evidence,answer leakage,1.7172,algebra_2,alg2_rational_radical,4,yes,yes,answer leakage
dc230b63-4855-40c5-a765-5d760f13ba46,2026-08-12T18:25:25.490752+00:00,,rejected,validation,stage_evidence,math notation,1.5702,algebra_foundations,alg_linear_functions,4,yes,yes,math notation
599c78dd-66f1-4578-89f6-a4dc34e5fcfc,2026-08-12T18:25:38.966360+00:00,,rejected,judge,stage_evidence,hint ladder,2.8142,algebra_1,alg1_inequalities,3,yes,no,
c6a3bf45-2c16-4793-b327-759d1652beb3,2026-08-12T18:25:50.915009+00:00,,rejected,validation,stage_evidence,math notation,1.6617,algebra_foundations,alg_simplify_expressions,1,yes,yes,math notation
bb9c9ee4-376d-4e80-bbd2-c80f66fc5757,2026-08-12T18:25:57.653519+00:00,,rejected,validation,stage_evidence,equation unusable,1.8072,algebra_2,alg2_rational_radical,4,yes,yes,equation unusable
2c44a098-a171-4ea4-9d23-8a7d89b066a6,2026-08-12T18:26:18.645647+00:00,,rejected,validation,stage_evidence,math notation,1.7292,algebra_foundations,alg_simplify_expressions,1,yes,yes,math notation
48020221-b956-4f73-b4a8-d0ba169386f2,2026-08-12T18:26:22.948045+00:00,,pending,accepted,accepted,,3.0325,algebra_1,alg1_inequalities,3,no,,
eaf3b9e2-9dea-48cb-aece-81a5eb2f5dba,2026-08-12T18:26:28.116915+00:00,,rejected,validation,stage_evidence,answer leakage,1.5792,algebra_2,alg2_rational_radical,5,yes,yes,answer leakage
0b5ff046-edbe-4975-894f-682d59cdd30b,2026-08-12T18:26:48.129203+00:00,,rejected,validation,stage_evidence,answer key: derived answer disagrees,1.4622,algebra_foundations,alg_simultaneous,4,yes,yes,answer key: derived answer disagrees
d4a43d47-fde0-41eb-8674-761e1ac2ee5a,2026-08-12T18:26:58.467424+00:00,,rejected,validation,stage_evidence,answer leakage,1.5942,algebra_2,alg2_rational_radical,5,yes,yes,answer leakage
0fbf6bfc-cd89-4c42-b574-8ea4be681254,2026-08-12T18:27:06.063544+00:00,,rejected,validation,stage_evidence,answer key: derived answer disagrees,1.5522,algebra_1,alg1_inequalities,4,yes,no,
3c9cb4d7-4cdc-4319-a483-8f4c1111ea1f,2026-08-12T18:27:42.345611+00:00,,rejected,validation,stage_evidence,answer key: derived answer disagrees,1.8312,algebra_1,alg1_quadratics,3,yes,yes,answer key: derived answer disagrees
8447d112-3764-4121-9a84-8a6f3be539a6,2026-08-12T18:27:47.222160+00:00,,rejected,difficulty,stage_evidence,difficulty rubric,3.1975,algebra_2,alg2_remainder_factor_theorem,4,yes,no,
a6f6c2e8-9db3-4bc7-bb09-e12cdaa25c29,2026-08-12T18:28:01.221779+00:00,,rejected,generator,stage_evidence,other,0.0000,algebra_foundations,alg_simultaneous,4,no,,
726feda5-395f-4fab-a34d-4b8bd1ff3a99,2026-08-12T18:28:11.600582+00:00,,rejected,validation,stage_evidence,answer key: derived answer disagrees,1.4802,algebra_1,alg1_quadratics,3,yes,yes,answer key: derived answer disagrees
1c0f4e38-d365-4a0c-940e-563d7a4c938d,2026-08-12T18:28:33.035398+00:00,,pending,accepted,accepted,,3.9425,algebra_2,alg2_remainder_factor_theorem,4,no,,
95ae98f2-8da4-47e4-a3c0-259167e7f8bd,2026-08-12T18:28:33.717259+00:00,,pending,accepted,accepted,,3.2297,algebra_foundations,alg_simultaneous,2,no,,
75783397-1662-48e3-893c-d2213ab5bd3b,2026-08-12T18:28:45.921608+00:00,,rejected,validation,stage_evidence,answer key: derived answer disagrees,1.9107,algebra_1,alg1_quadratics,4,yes,yes,answer key: derived answer disagrees
c5ac26b2-4c65-45dc-96bd-473f39a54550,2026-08-12T18:29:15.033734+00:00,,rejected,validation,stage_evidence,equation unusable,1.7172,algebra_1,alg1_quadratics,4,yes,yes,equation unusable
8301f83c-a02b-4545-8ec2-dc9e25a259d4,2026-08-12T18:29:20.455351+00:00,,pending,accepted,accepted,,3.0427,algebra_foundations,alg_simultaneous,4,no,,
f53a9e6a-d41d-4ae9-b842-e1750101039a,2026-08-12T18:29:35.298517+00:00,,pending,accepted,accepted,,2.4734,g1_addition,g1_add_within_10,1,no,,
6d147f48-23d1-4765-abc7-1b948d9b91a2,2026-08-12T18:29:48.319951+00:00,,pending,accepted,accepted,,2.9834,algebra_2,alg2_remainder_factor_theorem,4,no,,
dc667ca6-cb78-4652-bc4b-2b2404ea7ad9,2026-08-12T18:30:29.397336+00:00,,pending,accepted,accepted,,1.9243,g1_addition,g1_add_within_10,1,no,,
ed545ae2-57ac-4d71-9c8b-c1d93aebabe3,2026-08-12T18:30:33.415170+00:00,,pending,accepted,accepted,,2.8913,algebra_2,alg2_remainder_factor_theorem,3,no,,
ecf4f759-f307-498e-9573-921ad650be6c,2026-08-12T18:30:50.915104+00:00,,rejected,validation,stage_evidence,answer key: derived answer disagrees,1.8492,algebra_1,alg1_quadratics,5,yes,yes,answer key: derived answer disagrees
c4c8be95-9249-4ebb-9057-53ede92524b9,2026-08-12T18:31:08.451839+00:00,,pending,accepted,accepted,,2.4750,g1_addition,g1_add_within_10,2,no,,
9abc603d-9ba4-42e9-adf1-88c3960f926e,2026-08-12T18:31:16.926725+00:00,,rejected,validation,stage_evidence,readability,1.9362,algebra_2,alg2_sequences,4,yes,yes,readability
17e0e319-088f-4d87-8e6f-407f82ca5fbd,2026-08-12T18:31:40.688471+00:00,,pending,accepted,accepted,,1.8662,g1_addition,g1_add_within_10,2,no,,
cd9d3e2e-4396-4c70-a7b9-38450c71e000,2026-08-12T18:31:49.209259+00:00,,pending,accepted,accepted,,3.3068,algebra_2,alg2_sequences,4,no,,
154192b0-d430-47ea-a33b-35c03a9b5c42,2026-08-12T18:32:18.234632+00:00,,pending,accepted,accepted,,2.5218,g1_addition,g1_add_within_20,2,no,,
e09ec7dc-ac88-434a-a0e6-a49a58f84baa,2026-08-12T18:32:49.752343+00:00,,pending,accepted,accepted,,3.3931,algebra_1,alg1_quadratics,3,no,,
e8f27518-ef4b-4ab3-ac42-fbc7adceaccb,2026-08-12T18:32:50.689123+00:00,,pending,accepted,accepted,,3.1621,algebra_2,alg2_sequences,3,no,,
c5794027-5c33-499d-8f4b-5f4b75d3aef4,2026-08-12T18:32:59.133301+00:00,,pending,accepted,accepted,,2.6137,g1_addition,g1_add_within_20,2,no,,
05e0fecc-3ee1-45b4-ab15-536fc2532c03,2026-08-12T18:33:28.852833+00:00,,rejected,validation,stage_evidence,answer key: derived answer disagrees,1.3737,algebra_1,alg1_square_roots,1,yes,yes,answer key: derived answer disagrees
e273b252-2960-4290-a792-5210dd206753,2026-08-12T18:33:29.755477+00:00,,pending,accepted,accepted,,2.9843,algebra_2,alg2_sequences,3,no,,
7bef40c6-cf52-48c2-a6cc-76629bbc54ca,2026-08-12T18:33:38.366596+00:00,,pending,accepted,accepted,,2.5362,g1_addition,g1_add_within_20,4,no,,
5e16ac31-1469-40dc-b5bc-38e9e21108af,2026-08-12T18:33:46.639906+00:00,,pending,accepted,accepted,,2.4257,decimals,decimal_add_sub,1,no,,
833174b9-d8f6-421e-b866-307c3892ff5c,2026-08-12T18:33:56.885913+00:00,,rejected,validation,stage_evidence,answer key: derived answer disagrees,1.2942,algebra_1,alg1_square_roots,1,yes,yes,answer key: derived answer disagrees
8ff3de58-f082-45ed-9e6e-7ec01cc9298c,2026-08-12T18:34:20.399386+00:00,,pending,accepted,accepted,,2.3950,g1_addition,g1_add_within_20,2,no,,
f5243624-b16c-4aa2-99b9-400fd5cf7218,2026-08-12T18:34:20.968724+00:00,,rejected,solver,stage_evidence,answer key: derived answer disagrees,2.0797,algebra_1,alg1_square_roots,2,yes,no,
eeb7252d-0997-4660-a8d0-80b3c31a08ce,2026-08-12T18:34:48.082311+00:00,,rejected,dedup,stage_evidence,other,1.1278,decimals,decimal_add_sub,1,yes,no,
e50c0f64-b8d4-4470-9b54-ef0df8e558d6,2026-08-12T18:34:48.860838+00:00,,rejected,solver,stage_evidence,answer key: derived answer disagrees,1.7801,algebra_1,alg1_square_roots,2,yes,no,
352d9ae9-eb10-4ff7-b37f-f8cdb30f5b31,2026-08-12T18:35:03.510492+00:00,,pending,accepted,accepted,,2.6393,g1_addition,g1_add_within_20,2,no,,
5e3ea4a9-7e0e-4650-8b34-255a9d3c573d,2026-08-12T18:35:17.229640+00:00,,pending,accepted,accepted,,2.8123,decimals,decimal_add_sub,2,no,,
674b7727-2022-4a3e-beb3-61a334832c38,2026-08-12T18:35:30.094454+00:00,,pending,accepted,accepted,,3.5966,algebra_1,alg1_systems,4,no,,
b4df8192-9d90-4eea-ac52-9954655f76ed,2026-08-12T18:35:50.106190+00:00,,pending,accepted,accepted,,2.6036,g1_addition,g1_add_within_20,4,no,,
2dcf3865-d6a0-4d6c-ba52-985318657dda,2026-08-12T18:35:55.121412+00:00,,pending,accepted,accepted,,2.6131,decimals,decimal_add_sub,2,no,,
abf62539-741c-4d60-9512-bc02ae604c6e,2026-08-12T18:36:14.701638+00:00,,pending,accepted,accepted,,2.9214,algebra_1,alg1_systems,4,no,,
79a860bc-ca88-484d-be88-7f6182ef4411,2026-08-12T18:36:23.074763+00:00,,pending,accepted,accepted,,2.1001,g1_addition,g1_add_within_28,2,no,,
5c3884bd-3381-4270-8a40-88716e16490d,2026-08-12T18:36:37.187019+00:00,,pending,accepted,accepted,,2.6970,decimals,decimal_divide,5,no,,
dd7956f0-4a02-4e22-801a-5b92cc563646,2026-08-12T18:36:59.634481+00:00,,pending,accepted,accepted,,2.8428,algebra_1,alg1_systems,3,no,,
99b783a7-dc73-4508-b1c2-7744f981fd8c,2026-08-12T18:37:05.467354+00:00,,pending,accepted,accepted,,2.4832,g1_addition,g1_add_within_28,4,no,,
52f34fdc-13c1-4776-8036-32c0e27d1a53,2026-08-12T18:37:17.427104+00:00,,rejected,judge,stage_evidence,answer leakage,3.0465,decimals,decimal_divide,5,yes,no,
ce294f65-e633-4293-88b4-4a8493c44ec0,2026-08-12T18:37:38.601597+00:00,,pending,accepted,accepted,,2.1546,g1_word_problems,g1_wp_choose_operation,2,no,,
f1c16238-15e4-4f40-a5a3-5da8ea467069,2026-08-12T18:37:47.835394+00:00,,pending,accepted,accepted,,3.4484,algebra_1,alg1_systems,4,no,,
7c0b560b-3657-4e99-8030-7d6f2f4034a4,2026-08-12T18:37:48.068908+00:00,,pending,accepted,accepted,,2.5323,g1_addition,g1_add_within_28,4,no,,
f00f1b1f-49d1-4050-8227-ca66d1b032e6,2026-08-12T18:38:30.541760+00:00,,pending,accepted,accepted,,2.7411,g1_addition,g1_add_within_28,2,no,,
962f03ff-9371-457e-bf1d-23dc8a1b7d8a,2026-08-12T18:38:31.905292+00:00,,pending,accepted,accepted,,2.6381,algebra_1,alg1_systems,4,no,,
138e2c60-836f-4eaa-bc60-17e05c24b5c4,2026-08-12T18:38:40.979156+00:00,,pending,accepted,accepted,,2.5818,g1_word_problems,g1_wp_choose_operation,3,no,,
b4759ac9-0b0f-463f-8808-2206f1524274,2026-08-12T18:38:47.067827+00:00,,pending,accepted,accepted,,2.8509,g2_addition,g2_add_multi_digit,4,no,,
b209b237-7526-40ac-97b1-55e88226e812,2026-08-12T18:39:16.709365+00:00,,rejected,difficulty,stage_evidence,difficulty rubric,2.2255,g1_word_problems,g1_wp_choose_operation,4,yes,no,
d3f65e51-3882-4383-b7f0-55f5dd448c22,2026-08-12T18:39:20.170451+00:00,,rejected,validation,stage_evidence,answer key: derived answer disagrees,1.7322,algebra_1,alg1_systems,5,yes,yes,answer key: derived answer disagrees
cd3fe690-8147-42c6-885b-ed7eac209fd9,2026-08-12T18:39:22.155923+00:00,,pending,accepted,accepted,,2.7739,calculus,calc_limits,1,no,,
9a6f11c1-d5e3-4e8e-98c0-24b2a6f6ebf4,2026-08-12T18:39:56.821606+00:00,,rejected,validation,stage_evidence,answer key: several options match,1.4967,g2_addition,g2_add_multi_digit,4,yes,yes,answer key: several options match
42c52d0e-18e0-43b6-bfef-450f48d8fee0,2026-08-12T18:39:58.990241+00:00,,pending,accepted,accepted,,2.6705,g1_word_problems,g1_wp_choose_operation,4,no,,
e881a7cf-fe18-4472-89b9-6ba79f55d161,2026-08-12T18:40:16.899219+00:00,,pending,accepted,accepted,,2.3667,g2_addition,g2_add_three_numbers,5,no,,
d210a02c-1c93-4f59-9da3-1ec83233078e,2026-08-12T18:40:33.548209+00:00,,pending,accepted,accepted,,2.0798,g1_word_problems,g1_wp_choose_operation,2,no,,
e5058d08-8b88-4f51-af5e-d8163596748a,2026-08-12T18:40:52.082109+00:00,,pending,accepted,accepted,,3.3364,calculus,calc_limits,1,no,,
8dcca339-7558-4bc7-a233-9c84d47e7824,2026-08-12T18:40:54.036522+00:00,,pending,accepted,accepted,,2.2441,g2_addition,g2_add_three_numbers,5,no,,
060c74ae-f6a2-4977-8e9b-cb3335a36480,2026-08-12T18:41:11.852354+00:00,,pending,accepted,accepted,,2.7389,g1_word_problems,g1_wp_choose_operation,3,no,,
28f8015c-ab8e-42fb-8190-d9a5f3d414bd,2026-08-12T18:41:15.849296+00:00,,pending,accepted,accepted,,2.5581,g1_subtraction,g1_sub_three_numbers,5,no,,
4f07549d-df84-44b3-ab96-3ea03840094c,2026-08-12T18:41:25.148250+00:00,,pending,accepted,accepted,,2.1894,g2_addition,g2_add_within_100,1,no,,
72e1774a-9aee-40e2-ab22-71828f37ad7d,2026-08-12T18:41:51.922375+00:00,,pending,accepted,accepted,,2.3857,g1_word_problems,g1_wp_single_operation,1,no,,
dba278c9-c446-4673-9642-b52f0ada8864,2026-08-12T18:41:58.675859+00:00,,pending,accepted,accepted,,2.2884,g2_addition,g2_add_within_100,2,no,,
efef33f4-4b6f-4b52-8038-c22063babc00,2026-08-12T18:42:28.942059+00:00,,pending,accepted,accepted,,2.2969,g1_word_problems,g1_wp_single_operation,1,no,,
054ea6d0-293a-414c-9faa-99d482c6cfa0,2026-08-12T18:42:36.005406+00:00,,pending,accepted,accepted,,1.8068,g2_addition,g2_add_within_100,2,no,,
f1697ff5-45b5-4cd5-b401-212c35d11e9b,2026-08-12T18:42:38.601073+00:00,,pending,accepted,accepted,,2.1515,g1_subtraction,g1_sub_three_numbers,5,no,,
146aff2f-02e8-4570-9a3e-019d8a5729d3,2026-08-12T18:43:06.951653+00:00,,pending,accepted,accepted,,2.1747,g2_addition,g2_add_within_100,3,no,,
9637090a-10af-4449-9e3b-c8998692950b,2026-08-12T18:43:07.140086+00:00,,pending,accepted,accepted,,2.3506,g1_word_problems,g1_wp_single_operation,1,no,,
3e47ef33-a714-49bd-8a7c-0728950999a5,2026-08-12T18:43:13.923066+00:00,,pending,accepted,accepted,,2.4390,g1_subtraction,g1_sub_within_10,2,no,,
06b8b469-bc19-464d-b610-77ae560d57c3,2026-08-12T18:43:40.914604+00:00,,pending,accepted,accepted,,1.9450,g1_word_problems,g1_wp_single_operation,1,no,,
9ce1fc00-2401-4344-afee-0d81330d76c1,2026-08-12T18:43:44.331467+00:00,,pending,accepted,accepted,,2.3640,g2_addition,g2_add_within_100,3,no,,
feebd4c0-2778-4c8c-9d86-a1ffd2dcb0f9,2026-08-12T18:43:52.512650+00:00,,pending,accepted,accepted,,2.3657,g1_subtraction,g1_sub_within_10,2,no,,
7c321524-8e10-477d-86cc-ab2ead253ac9,2026-08-12T18:43:56.786172+00:00,,pending,accepted,accepted,,2.1088,g2_word_problems,g2_wp_measurement_context,2,no,,
eb283fa3-2eef-45ca-b54f-50c2366a80a9,2026-08-12T18:44:22.308797+00:00,,pending,accepted,accepted,,2.5004,g2_addition,g2_add_within_100,3,no,,
a780354d-9a1c-4ed4-9ec6-3fb2cbdc9958,2026-08-12T18:44:24.174898+00:00,,pending,accepted,accepted,,1.9516,g1_subtraction,g1_sub_within_10,2,no,,
9a52f963-5f3e-47ff-80ac-0c687c700418,2026-08-12T18:44:36.864791+00:00,,pending,accepted,accepted,,2.0004,g3_word_problems,g3_wp_add_sub,1,no,,
5a99fd77-3d15-4c7e-97fd-14c2e8626288,2026-08-12T18:44:55.694461+00:00,,pending,accepted,accepted,,2.1635,g1_subtraction,g1_sub_within_10,2,no,,
bb2a51d4-2004-488f-b3bb-4c659667521c,2026-08-12T18:44:56.822807+00:00,,pending,accepted,accepted,,1.8402,g2_word_problems,g2_wp_measurement_context,2,no,,
fb6d3ce6-66ec-4bf3-9544-49ad6f849f38,2026-08-12T18:45:31.801608+00:00,,pending,accepted,accepted,,2.1961,g3_word_problems,g3_wp_add_sub,2,no,,
e6dad867-b122-42c4-bc05-8eb7ace6b9bf,2026-08-12T18:45:37.282996+00:00,,rejected,difficulty,stage_evidence,difficulty rubric,2.4925,g2_word_problems,g2_wp_measurement_context,4,yes,no,
5a685797-85a4-45a0-8546-8e1654f459a2,2026-08-12T18:45:39.199842+00:00,,pending,accepted,accepted,,2.7550,g1_subtraction,g1_sub_within_20,3,no,,
89298bdd-c05e-4f8f-94a7-18eb2470a17d,2026-08-12T18:46:12.179679+00:00,,pending,accepted,accepted,,2.6071,g3_word_problems,g3_wp_mixed,5,no,,
0956e889-db08-4f65-9073-0f416454f07f,2026-08-12T18:46:14.796749+00:00,,pending,accepted,accepted,,2.2561,g1_subtraction,g1_sub_within_20,2,no,,
60f239f8-8961-4d96-9329-2860728a36db,2026-08-12T18:46:17.716759+00:00,,rejected,difficulty,stage_evidence,difficulty rubric,2.4353,g2_word_problems,g2_wp_measurement_context,4,yes,no,
0ef4789a-d940-485f-92d6-3f017d078494,2026-08-12T18:46:53.067035+00:00,,pending,accepted,accepted,,2.5645,g3_word_problems,g3_wp_mixed,5,no,,
b8688faf-729f-401a-bc23-5f7c1050f5ec,2026-08-12T18:46:56.938627+00:00,,pending,accepted,accepted,,2.6687,g1_subtraction,g1_sub_within_20,4,no,,
425ef1c8-034c-4c64-888a-dc81218c517c,2026-08-12T18:46:58.985212+00:00,,pending,accepted,accepted,,2.8431,g2_word_problems,g2_wp_multi_step,5,no,,
c061b58e-ad2b-433f-bd5a-d9e16a2fc336,2026-08-12T18:47:36.059049+00:00,,pending,accepted,accepted,,2.6120,g3_word_problems,g3_wp_mixed,2,no,,
c7376a4c-4ac5-4514-acd4-37c3e883d54b,2026-08-12T18:47:36.128909+00:00,,pending,accepted,accepted,,2.7123,g1_subtraction,g1_sub_within_20,4,no,,
f78910b7-b300-49f5-a6cd-624e0f01cc7b,2026-08-12T18:47:39.842848+00:00,,rejected,difficulty,stage_evidence,difficulty rubric,2.3056,g2_word_problems,g2_wp_multi_step,5,yes,no,
ebfcfa46-d947-4bff-bd0c-d03019e6c653,2026-08-12T18:47:52.580797+00:00,,pending,accepted,accepted,,2.6710,g2_subtraction,g2_sub_multi_digit,4,no,,
8dddfc94-af12-4a0c-b3b7-42faf53ad6de,2026-08-12T18:48:05.447103+00:00,,pending,accepted,accepted,,2.0905,g3_word_problems,g3_wp_mixed,2,no,,
b3068a46-c47f-4744-93a2-812b28ded229,2026-08-12T18:48:07.234137+00:00,,pending,accepted,accepted,,1.9402,g2_word_problems,g2_wp_single_operation,1,no,,
15bed1ca-baf9-42db-8679-2a9b4e10a2db,2026-08-12T18:48:42.408443+00:00,,pending,accepted,accepted,,2.2328,g2_word_problems,g2_wp_single_operation,1,no,,
3573cce3-1346-465d-8172-a798b6ca1d23,2026-08-12T18:48:42.408462+00:00,,pending,accepted,accepted,,2.3908,g3_word_problems,g3_wp_mult_div,2,no,,
50a09acb-1dba-40f5-9eec-8515e00f7ad6,2026-08-12T18:49:09.672646+00:00,,pending,accepted,accepted,,3.1136,g2_subtraction,g2_sub_multi_digit,4,no,,
1bf8fd03-60e9-4396-a1f1-a4c998a29304,2026-08-12T18:49:17.882665+00:00,,pending,accepted,accepted,,2.3972,g3_word_problems,g3_wp_mult_div,2,no,,
35d4781f-038a-461d-bf33-68cfe6435de8,2026-08-12T18:49:21.024598+00:00,,pending,accepted,accepted,,2.5576,g2_word_problems,g2_wp_single_operation,2,no,,
9cb280ac-f470-4887-aa68-c27676d84ced,2026-08-12T18:49:54.682672+00:00,,rejected,difficulty,stage_evidence,difficulty rubric,2.7321,g2_subtraction,g2_sub_three_numbers,5,yes,no,
d07850fd-1d16-4348-820b-9af6f46d0519,2026-08-12T18:49:57.680835+00:00,,pending,accepted,accepted,,2.1732,g2_word_problems,g2_wp_single_operation,1,no,,
7f17c084-c1c1-459e-91f3-715fe3801e7a,2026-08-12T18:50:04.682921+00:00,,pending,accepted,accepted,,2.6482,g3_word_problems,g3_wp_mult_div,5,no,,
84761634-e5b9-4432-9548-8c794530013d,2026-08-12T18:50:11.335838+00:00,,pending,accepted,accepted,,2.6382,g4_word_problems,g4_wp_decimals,2,no,,
a1df865b-ed0e-430e-8b46-4bc0a131b30f,2026-08-12T18:50:27.395273+00:00,,pending,accepted,accepted,,1.9854,g2_subtraction,g2_sub_three_numbers,5,no,,
e018505e-98f3-4826-aee0-f69549d1976b,2026-08-12T18:50:56.340228+00:00,,rejected,dedup,stage_evidence,other,0.9523,g2_subtraction,g2_sub_two_digit,1,yes,no,
3a4869da-5b4c-4ae6-af3e-e4c405da720b,2026-08-12T18:51:18.911525+00:00,,rejected,dedup,stage_evidence,other,1.2763,g2_subtraction,g2_sub_two_digit,1,yes,no,
133a2d1c-55ba-4522-b54d-2903eea43ee6,2026-08-12T18:51:21.694446+00:00,,pending,accepted,accepted,,2.9398,g4_word_problems,g4_wp_decimals,2,no,,
bcad3971-d39a-4d90-9ac8-753a8594fec4,2026-08-12T18:51:46.150882+00:00,,pending,accepted,accepted,,2.6642,g2_subtraction,g2_sub_two_digit,2,no,,
b99c0480-b544-4b26-b02a-96efa7d7b767,2026-08-12T18:51:50.712229+00:00,,pending,accepted,accepted,,2.2519,g4_word_problems,g4_wp_division,2,no,,
4946fbd5-d418-4971-8552-bac0832ad830,2026-08-12T18:51:53.501629+00:00,,pending,accepted,accepted,,2.8450,g3_word_problems,g3_wp_mult_div,3,no,,
5447ccff-5975-42ee-9fdf-7b541f0824f5,2026-08-12T18:52:13.330671+00:00,,rejected,validation,stage_evidence,answer key: several options match,1.1352,g5_word_problems,g5_wp_fractions,1,yes,yes,answer key: several options match
7cf03623-13dd-4c01-beb3-82d23f5f58e3,2026-08-12T18:52:23.130604+00:00,,pending,accepted,accepted,,2.5053,g2_subtraction,g2_sub_two_digit,2,no,,
2d2103c2-ee15-4de6-bb8d-5e8045d67634,2026-08-12T18:52:24.526550+00:00,,pending,accepted,accepted,,1.9543,g4_word_problems,g4_wp_division,2,no,,
7057d877-cc81-4d88-a766-a49c961dbe79,2026-08-12T18:53:01.387087+00:00,,rejected,difficulty,stage_evidence,difficulty rubric,2.5088,g4_word_problems,g4_wp_formula_mixed,4,yes,no,
0f35c693-2183-4dee-a0ba-9918d8944ad4,2026-08-12T18:53:06.070557+00:00,,pending,accepted,accepted,,2.6600,g2_subtraction,g2_sub_two_digit,3,no,,
9a406152-e1f8-47ef-afdb-4a54d1f69a07,2026-08-12T18:53:14.908105+00:00,,rejected,validation,stage_evidence,answer key: several options match,1.5402,g5_word_problems,g5_wp_fractions,1,yes,yes,answer key: several options match
d65c64c8-6ed2-4855-9257-beeac8e7948a,2026-08-12T18:53:39.706061+00:00,,rejected,difficulty,stage_evidence,difficulty rubric,3.1108,g4_word_problems,g4_wp_formula_mixed,4,yes,no,
b40a7326-7133-4c3d-838f-7de23741779b,2026-08-12T18:54:05.154366+00:00,,pending,accepted,accepted,,2.5087,g2_subtraction,g2_sub_two_digit,3,no,,
f468ddbf-b347-47ec-b5f9-115b4b943356,2026-08-12T18:54:18.216876+00:00,,pending,accepted,accepted,,3.4021,g4_multiplication_division,g4_div_by_two_digit,4,no,,
eb2aef6c-6679-4b48-8ee7-36151ccce634,2026-08-12T18:54:24.107781+00:00,,rejected,difficulty,stage_evidence,difficulty rubric,2.3582,g4_word_problems,g4_wp_formula_mixed,5,yes,no,
02941d13-a701-4dd4-90bb-87ce294c9b01,2026-08-12T18:55:10.620389+00:00,,pending,accepted,accepted,,2.3710,g4_word_problems,g4_wp_formula_mixed,3,no,,
02c1394c-0ffd-47df-8010-329e22f752af,2026-08-12T18:55:17.940638+00:00,,rejected,circuit_open,stage_evidence,other,0.0000,,,,no,,
46eabd94-ee59-420c-b079-22ad2aa23fe3,2026-08-12T18:55:17.950399+00:00,,rejected,circuit_open,stage_evidence,other,0.0000,,,,no,,
533700ad-ed30-436d-b8c4-dc54c8d40ef4,2026-08-12T18:55:17.959621+00:00,,rejected,circuit_open,stage_evidence,other,0.0000,,,,no,,
786bedd6-ac0c-4905-8c30-098a53e4a5ca,2026-08-12T18:55:17.966640+00:00,,rejected,circuit_open,stage_evidence,other,0.0000,,,,no,,
1879a64c-fac0-4a21-80fc-7976053d9ec4,2026-08-12T18:55:24.874410+00:00,,pending,accepted,accepted,,2.6853,g6_geometry_measurement,g6_circle_measures,3,no,,
9827084b-cf46-402f-91b4-0d9556c1649b,2026-08-12T18:55:24.901490+00:00,,rejected,difficulty,stage_evidence,difficulty rubric,2.6888,g6_fractions,g6_fraction_decimal_percent,5,yes,no,
804d101c-ef68-4186-ab37-b4710dd2aa70,2026-08-12T18:55:34.243410+00:00,,pending,accepted,accepted,,2.4550,g4_multiplication_division,g4_div_by_two_digit,4,no,,
d6488ce9-2f27-49fc-b7d9-db1ccc3a31b4,2026-08-12T18:56:09.398512+00:00,,pending,accepted,accepted,,2.8150,g4_multiplication_division,g4_mult_large,4,no,,
9044b168-4d32-448d-8e78-a12b9c1d7746,2026-08-12T18:56:32.646351+00:00,,pending,accepted,accepted,,3.1620,g6_geometry_measurement,g6_circle_measures,3,no,,
b7affa8f-6407-49b3-80fc-5bcef657d68a,2026-08-12T18:56:33.292328+00:00,,rejected,difficulty,stage_evidence,difficulty rubric,2.2804,g6_fractions,g6_fraction_decimal_percent,5,yes,no,
3df5e9ee-80d8-4866-8555-e9f870fe96d6,2026-08-12T18:56:53.219976+00:00,,rejected,validation,stage_evidence,equation unusable,1.2612,g4_multiplication_division,g4_mult_large,5,yes,yes,equation unusable
a73f26a6-2309-4739-8a81-a2cc6e52ef95,2026-08-12T18:56:55.189387+00:00,,rejected,validation,stage_evidence,answer leakage,1.5327,g68_word_problems,g68_wp_equations,1,yes,yes,answer leakage
231743a6-53df-454b-bdf5-e6dee7ed8436,2026-08-12T18:57:09.714859+00:00,,pending,accepted,accepted,,2.8264,g6_fractions,g6_fraction_mul_div,2,no,,
3c0e6def-2e59-4149-b4c9-b4fc299b885f,2026-08-12T18:57:21.401893+00:00,,pending,accepted,accepted,,2.9537,g6_geometry_measurement,g6_factors_multiples,2,no,,
f0ea909b-8f68-40aa-9e07-1c7b73bd98d2,2026-08-12T18:57:56.001225+00:00,,pending,accepted,accepted,,2.7823,g68_word_problems,g68_wp_equations,2,no,,
978d54cf-1617-4a3e-b8c8-a024059d76ed,2026-08-12T18:58:01.057906+00:00,,pending,accepted,accepted,,3.1883,g6_geometry_measurement,g6_factors_multiples,2,no,,
2b24ebee-b7a3-42d4-b688-619cef79fdc2,2026-08-12T18:58:19.135110+00:00,,rejected,validation,stage_evidence,answer key: several options match,1.5642,g6_fractions,g6_fraction_mul_div,2,yes,yes,answer key: several options match
5f396011-ad36-4e5a-95ca-e953a78dc525,2026-08-12T18:58:39.574998+00:00,,pending,accepted,accepted,,2.6848,g68_word_problems,g68_wp_inequalities,4,no,,
7ffe9b2a-9a1e-439e-9632-192cff3ab7d2,2026-08-12T18:58:42.970686+00:00,,rejected,validation,stage_evidence,answer key: several options match,1.4757,g6_fractions,g6_fraction_reduce,1,yes,no,
da885a8e-681a-48de-aed0-b76b22cc27d2,2026-08-12T18:58:44.730521+00:00,,pending,accepted,accepted,,2.9780,g6_geometry_measurement,g6_factors_multiples,2,no,,
26b8dc8e-2ca9-46c3-9601-4ad5f5872d3b,2026-08-12T18:59:03.772886+00:00,,rejected,validation,stage_evidence,answer key: several options match,1.1202,g6_fractions,g6_fraction_reduce,1,yes,no,
25d2134f-d1c5-4422-bd3a-091785d11f36,2026-08-12T18:59:16.791432+00:00,,pending,accepted,accepted,,2.7544,g68_word_problems,g68_wp_inequalities,4,no,,
7c62b2ce-1577-43d1-b6ac-1d8f230a048c,2026-08-12T18:59:24.889889+00:00,,pending,accepted,accepted,,2.9281,g6_geometry_measurement,g6_factors_multiples,2,no,,
e5e59a4d-0826-41a1-a835-bdb3325f9260,2026-08-12T18:59:29.215612+00:00,,rejected,validation,stage_evidence,answer key: several options match,1.4877,g6_fractions,g6_fraction_reduce,2,yes,no,
a9acf49a-4b26-403b-a0c2-9f8df8c26069,2026-08-12T18:59:57.047859+00:00,,rejected,validation,stage_evidence,answer key: several options match,1.6482,g6_fractions,g6_fraction_reduce,2,yes,no,
4329b538-5e06-4bd1-b2e6-73869cda1958,2026-08-12T18:59:58.476138+00:00,,rejected,difficulty,stage_evidence,difficulty rubric,2.6222,g68_word_problems,g68_wp_inequalities,5,yes,no,
5132fe27-62b7-405b-a553-4d97c907b05f,2026-08-12T18:59:59.013366+00:00,,pending,accepted,accepted,,3.3033,geometry_measures,geo_pythagorean,4,no,,
8e0ce164-80be-4279-b9ef-0fd4109f0b00,2026-08-12T19:00:36.349353+00:00,,pending,accepted,accepted,,2.8765,g68_word_problems,g68_wp_inequalities,2,no,,
cc68fd39-4085-4632-ac5e-90a369a4bcdf,2026-08-12T19:00:52.093624+00:00,,rejected,generator,stage_evidence,other,0.0000,g6_geometry_measurement,g6_surface_area_volume,5,no,,
c0f1785e-6498-4b24-a969-0539886ea264,2026-08-12T19:01:14.961474+00:00,,pending,accepted,accepted,,2.5471,geometry_measures,geo_pythagorean,4,no,,
df9d75bf-2c71-450c-95e4-1ddf5241f00e,2026-08-12T19:01:19.356071+00:00,,pending,accepted,accepted,,3.2444,g6_geometry_measurement,g6_surface_area_volume,5,no,,
0a004fd1-083e-455a-95db-30a48e73c1c6,2026-08-12T19:01:36.946466+00:00,,rejected,difficulty,stage_evidence,difficulty rubric,2.1697,measurement,measurement_area_volume,4,yes,no,
57bbde2a-a1bb-45f9-a79a-d7504fd0065d,2026-08-12T19:01:39.959472+00:00,,pending,accepted,accepted,,2.8446,g68_word_problems,g68_wp_proportion,2,no,,
3715386e-c942-4620-8f99-4b1341021e95,2026-08-12T19:01:53.762654+00:00,,rejected,dedup,stage_evidence,other,1.5943,geometry_measures,geo_pythagorean,5,yes,no,
1c556360-13f9-47d1-8453-f0665001eaf5,2026-08-12T19:02:19.684515+00:00,,pending,accepted,accepted,,2.3654,geometry_measures,geo_pythagorean,4,no,,
7e8921c9-865c-4563-9ed1-2e6f32fdedee,2026-08-12T19:02:32.140740+00:00,,pending,accepted,accepted,,3.1082,g68_word_problems,g68_wp_proportion,2,no,,
0ec6d250-e66b-4a6d-9c43-c932a5367a89,2026-08-12T19:02:35.094138+00:00,,pending,accepted,accepted,,2.0326,measurement,measurement_area_volume,4,no,,
d38fc80d-a2c5-4d07-bd9d-84ae9adc42fd,2026-08-12T19:02:50.237922+00:00,,pending,accepted,accepted,,2.6619,g6_word_problems,g6_wp_average,1,no,,
d04b4781-0131-4d67-b3e9-d967f8d78dc3,2026-08-12T19:02:57.671777+00:00,,rejected,difficulty,stage_evidence,difficulty rubric,2.5104,geometry_measures,geo_ratios,3,yes,no,
d88f99f8-611f-4e42-9bcc-a650c3c8c8f1,2026-08-12T19:03:08.115896+00:00,,pending,accepted,accepted,,2.1381,measurement,measurement_area_volume,5,no,,
72eabf0d-b5b4-490f-88af-3fdd4c0517f4,2026-08-12T19:03:28.522590+00:00,,pending,accepted,accepted,,2.1784,geometry_measures,geo_ratios,2,no,,
59b15b15-e6b0-4218-b34d-c4b5cda105cd,2026-08-12T19:03:48.239303+00:00,,pending,accepted,accepted,,2.2879,measurement,measurement_area_volume,4,no,,
fa18bdce-8891-43bc-9685-8f62f90822fd,2026-08-12T19:03:55.326312+00:00,,pending,accepted,accepted,,2.3299,g6_word_problems,g6_wp_average,1,no,,
7e292926-588d-4be2-b3c5-91bdd44e9d6c,2026-08-12T19:04:11.093051+00:00,,rejected,validation,stage_evidence,readability,1.8342,geometry_measures,geo_surface_area,4,yes,yes,readability
e92086e1-e8b6-450e-98a2-7b19ec9b3a8e,2026-08-12T19:04:25.676895+00:00,,pending,accepted,accepted,,2.8043,measurement,measurement_elapsed_time,4,no,,
ea7633c6-527e-4467-9d37-a9bc74eb8141,2026-08-12T19:04:30.597642+00:00,,rejected,difficulty,stage_evidence,difficulty rubric,2.5371,g6_word_problems,g6_wp_rate_speed,4,yes,no,
0ed1414b-28fb-402a-9b6d-04fd09301d41,2026-08-12T19:04:35.980254+00:00,,pending,accepted,accepted,,2.6481,geometry_measures,geo_surface_area,3,no,,
a58a0662-1507-417a-91b8-11ed63d9a0ff,2026-08-12T19:05:02.370992+00:00,,rejected,dedup,stage_evidence,other,1.0183,g6_word_problems,g6_wp_rate_speed,4,yes,no,
0bd96ba6-ed31-4526-b63a-e12e8e6ef05c,2026-08-12T19:05:02.371000+00:00,,pending,accepted,accepted,,2.5728,measurement,measurement_elapsed_time,4,no,,
0b31fc4a-a365-4ac4-bbd6-e72b5ec426f0,2026-08-12T19:05:17.347257+00:00,,pending,accepted,accepted,,2.9894,geometry_measures,geo_surface_area,3,no,,
9f196595-114a-40c1-8c93-19c9c1fa4eb9,2026-08-12T19:05:34.447102+00:00,,rejected,difficulty,stage_evidence,difficulty rubric,3.0781,g6_word_problems,g6_wp_ratio_proportion,4,yes,no,
476fcff3-ef63-46f2-a588-8a5c626abbbf,2026-08-12T19:05:36.039185+00:00,,pending,accepted,accepted,,2.1413,measurement,measurement_length,2,no,,
1d864b00-f1cf-4f12-a757-3309f1fcd46a,2026-08-12T19:06:02.036393+00:00,,rejected,validation,stage_evidence,readability,1.9677,geometry_measures,geo_surface_area,5,yes,yes,readability
07486b95-91d6-4e54-934c-aae8b6b0e233,2026-08-12T19:06:12.241078+00:00,,pending,accepted,accepted,,2.4844,measurement,measurement_length,2,no,,
a31fc663-d1db-4e76-be9f-8bb1100a8a45,2026-08-12T19:06:13.554148+00:00,,pending,accepted,accepted,,2.6826,g6_word_problems,g6_wp_ratio_proportion,2,no,,
963fee50-5b92-484c-b9d3-4b83d20fc62b,2026-08-12T19:06:26.027017+00:00,,pending,accepted,accepted,,2.3297,geometry_measures,geo_volume,1,no,,
20c1b4be-0267-45ad-b850-a8e974d3efdf,2026-08-12T19:06:46.696933+00:00,,pending,accepted,accepted,,2.4012,measurement,measurement_money,1,no,,
7e3be3c4-a897-4dbc-a3a3-cbcfefa7afac,2026-08-12T19:06:53.300624+00:00,,pending,accepted,accepted,,2.8877,g6_word_problems,g6_wp_ratio_proportion,2,no,,
ec267283-aeaa-4cf7-947c-dc8d2191e9ef,2026-08-12T19:06:55.139109+00:00,,pending,accepted,accepted,,1.9032,geometry_measures,geo_volume,1,no,,
202d9a71-5a9c-4a87-ad18-699f328582e3,2026-08-12T19:07:23.405412+00:00,,pending,accepted,accepted,,2.3880,measurement,measurement_money,2,no,,
bb2f3a23-1bed-45bd-9364-f7b1d810701c,2026-08-12T19:07:29.461262+00:00,,pending,accepted,accepted,,2.5939,geometry_measures,geo_volume,1,no,,
c3e33ad4-5e10-47f4-8715-2e10be47eb24,2026-08-12T19:07:36.952757+00:00,,pending,accepted,accepted,,3.1040,statistics_advanced,adv_matrices,3,no,,
b46dbe3e-3657-42d1-b865-4409befd8a4b,2026-08-12T19:07:37.612871+00:00,,pending,accepted,accepted,,2.7754,g6_word_problems,g6_wp_ratio_proportion,3,no,,
1cb84269-d07f-4f21-abec-c1b7a17df64a,2026-08-12T19:07:54.870923+00:00,,pending,accepted,accepted,,2.2771,number_sense,number_large_compare,2,no,,
ba68294c-8c77-4e72-8463-56fdcc400f95,2026-08-12T19:08:04.813416+00:00,,rejected,judge,stage_evidence,hint ladder,2.6017,geometry_measures,geo_volume,4,yes,no,
57ac44b5-d75d-4188-9623-c9902991af20,2026-08-12T19:08:19.215598+00:00,,rejected,dedup,stage_evidence,other,1.5553,pre_algebra,prealg_gcf_lcm,1,yes,no,
33b47b1a-e0e2-4d84-a3b5-89a3788a9fe9,2026-08-12T19:09:04.052276+00:00,,pending,accepted,accepted,,2.7012,number_sense,number_large_compare,2,no,,
ff95db31-db96-4d84-8c58-a74b81c16b6c,2026-08-12T19:09:08.851877+00:00,,pending,accepted,accepted,,2.6245,pre_algebra,prealg_gcf_lcm,1,no,,
fc25be94-04d7-4439-93b8-bf54f698a091,2026-08-12T19:09:15.069220+00:00,,rejected,judge,stage_evidence,options,2.4879,statistics_advanced,adv_matrices,4,yes,no,
51eb6285-fe09-40bb-8b4f-90073ec6278e,2026-08-12T19:09:42.434542+00:00,,rejected,validation,stage_evidence,answer leakage,1.3932,number_sense,number_odd_even,1,yes,yes,answer leakage
46cd9f8c-af7e-4faf-9b41-ce9729d28c38,2026-08-12T19:10:02.311418+00:00,,rejected,judge,stage_evidence,hint ladder,2.9252,statistics_advanced,adv_matrices,5,yes,no,
13c382d0-cc71-4486-8fa4-56db4c6d392c,2026-08-12T19:10:05.991979+00:00,,pending,accepted,accepted,,2.4929,number_sense,number_odd_even,1,no,,
aab79944-f17c-4eb9-97b5-8b46f6ffc868,2026-08-12T19:10:45.540122+00:00,,pending,accepted,accepted,,2.7649,number_sense,number_odd_even,2,no,,
930c2dd5-a446-4fa7-9d13-efebbdf42766,2026-08-12T19:10:46.842839+00:00,,rejected,validation,stage_evidence,answer key: derived answer disagrees,1.5387,statistics_advanced,adv_matrices,5,yes,yes,answer key: derived answer disagrees
4e3fa6b8-eecf-4104-a960-93477001acdb,2026-08-12T19:11:10.396665+00:00,,rejected,difficulty,stage_evidence,difficulty rubric,2.9556,statistics_advanced,adv_vectors,4,yes,no,
cf001dc4-3c86-436b-a19b-fd2709da7691,2026-08-12T19:11:25.679740+00:00,,rejected,validation,stage_evidence,answer leakage,1.3947,number_sense,number_odd_even,2,yes,yes,answer leakage|readability
686c32e2-3310-4a62-80e2-e0a5b5a3db74,2026-08-12T19:11:51.415203+00:00,,rejected,difficulty,stage_evidence,difficulty rubric,2.8353,statistics_advanced,adv_vectors,4,yes,no,
549887bf-9ad2-46bb-aaad-42dbf453efe9,2026-08-12T19:12:33.897659+00:00,,rejected,difficulty,stage_evidence,difficulty rubric,2.6512,statistics_advanced,adv_vectors,5,yes,no,
b52d1e42-1f34-4205-a5be-e860b53a7a94,2026-08-12T19:12:37.673671+00:00,,rejected,difficulty,stage_evidence,difficulty rubric,3.5866,number_sense,number_rounding,4,yes,no,
5780303d-36f3-4bd5-8df6-dd2284df53ef,2026-08-12T19:13:31.771480+00:00,,pending,accepted,accepted,,2.7080,number_sense,number_rounding,4,no,,
387e1436-0fc7-4647-b96c-f47b05d15528,2026-08-12T19:13:38.015902+00:00,,rejected,difficulty,stage_evidence,difficulty rubric,3.6784,statistics_advanced,adv_vectors,5,yes,no,
1d98b3ae-41e9-49e9-8811-ce1e2491ec7e,2026-08-12T19:14:20.294096+00:00,,rejected,validation,stage_evidence,answer key: several options match,1.7412,number_sense,number_rounding,5,yes,yes,answer key: several options match
d17d00e8-be1f-48cc-965c-2a39456d22f5,2026-08-12T19:14:53.388078+00:00,,rejected,validation,stage_evidence,answer key: several options match,1.6932,number_sense,number_rounding,5,yes,yes,answer key: several options match
ee48758c-88f1-46ec-8fce-19a47c458d0d,2026-08-12T19:14:55.355413+00:00,,pending,accepted,accepted,,2.8379,trigonometry,trig_functions,3,no,,
0fb99c94-84d3-49b8-889f-13f50bb81db2,2026-08-12T19:15:15.549146+00:00,,pending,accepted,accepted,,3.4243,statistics_advanced,stat_descriptive,3,no,,
dffbf43b-9d19-4e8f-99bf-f0b4fb8e212b,2026-08-12T19:16:09.798058+00:00,,rejected,validation,stage_evidence,readability,1.9227,trigonometry,trig_functions,3,yes,yes,readability
397f3dab-de57-4735-89ce-ec9bbb858bce,2026-08-12T19:16:27.798399+00:00,,rejected,judge,stage_evidence,answer leakage,3.0787,statistics_advanced,stat_descriptive,3,yes,no,
b4641493-2a21-4b65-aaf5-18a0e01848e4,2026-08-12T19:16:48.716516+00:00,,rejected,validation,stage_evidence,readability,1.8732,trigonometry,trig_functions,4,yes,yes,readability
e1557987-321a-4351-92dc-27a76a41a8b4,2026-08-12T19:17:37.413102+00:00,,pending,accepted,accepted,,2.9809,statistics_advanced,stat_probability,3,no,,
0f93c8a5-49a6-4af5-ac1c-276b76849097,2026-08-12T19:17:44.404182+00:00,,pending,accepted,accepted,,3.4967,trigonometry,trig_functions,3,no,,
fb0cafee-4a19-42a1-a4db-35f1034a444f,2026-08-12T19:18:37.619242+00:00,,rejected,difficulty,stage_evidence,difficulty rubric,3.1210,trigonometry,trig_functions,5,yes,no,
dfa555c8-22e5-439d-a77d-231364d37755,2026-08-12T19:18:50.615174+00:00,,rejected,validation,stage_evidence,equation unusable,1.6302,statistics_advanced,stat_probability,3,yes,yes,equation unusable
7c4d8ae5-4f5b-4a1c-a2e4-4e247e8ca682,2026-08-12T19:19:20.045644+00:00,,pending,accepted,accepted,,2.8557,statistics_advanced,stat_probability,3,no,,
cffeb4c5-a95c-4a6d-98f5-8a1ea5f31718,2026-08-12T19:19:46.908392+00:00,,rejected,difficulty,stage_evidence,difficulty rubric,2.9355,trigonometry,trig_functions,5,yes,no,
36a121ce-1b39-4efc-9c84-04e85948e361,2026-08-12T19:20:05.768057+00:00,,rejected,validation,stage_evidence,equation unusable,1.5057,statistics_advanced,stat_probability,4,yes,yes,equation unusable
0784772c-202e-4b8f-a766-65ac82ba698d,2026-08-12T19:20:36.913500+00:00,,pending,accepted,accepted,,2.8296,trigonometry,trig_ratios,2,no,,
7d3c6a4b-0c65-481c-aa49-4e30b855227f,2026-08-12T19:21:24.881010+00:00,,pending,accepted,accepted,,2.9754,trigonometry,trig_ratios,2,no,,
bbefc54b-d4d1-4766-9d33-bac2247ff930,2026-08-12T19:22:08.379500+00:00,,pending,accepted,accepted,,2.7699,trigonometry,trig_ratios,2,no,,
360a1eb7-7239-45aa-9ac1-0c3e8423a3ed,2026-08-12T19:22:55.192490+00:00,,pending,accepted,accepted,,2.8975,trigonometry,trig_ratios,1,no,,
fd96067c-6837-468d-bb68-888ee0c3abb8,2026-08-12T19:23:40.962785+00:00,,rejected,validation,stage_evidence,readability,1.7712,trigonometry,trig_ratios,3,yes,yes,readability
ef1f95b2-3052-4c5a-8187-e7afbd04a141,2026-08-12T19:24:12.626582+00:00,,pending,accepted,accepted,,2.7011,trigonometry,trig_ratios,1,no,,
3cc4d173-b4aa-4ca8-b0bb-c56457f291c9,2026-08-12T21:37:37.679465+00:00,3973e552-4cee-4b4d-852c-6fb081cf8ab3,rejected,difficulty,stage_evidence,difficulty rubric,2.4504,algebra_2,alg2_exponential_log,4,yes,no,
9ac6d723-3ab2-4520-8602-8f33e9cd28ba,2026-08-12T21:38:21.014228+00:00,3973e552-4cee-4b4d-852c-6fb081cf8ab3,rejected,difficulty,stage_evidence,difficulty rubric,2.6046,algebra_2,alg2_exponential_log,4,yes,no,
1de33ba3-e6e5-49c5-866e-c3901c7955ca,2026-08-12T21:38:54.316894+00:00,3973e552-4cee-4b4d-852c-6fb081cf8ab3,rejected,validation,stage_evidence,answer key: derived answer disagrees,1.7792,algebra_2,alg2_irrational,1,yes,no,
d9dfd2ce-e811-4df5-a966-783b63e931c0,2026-08-12T21:39:20.429618+00:00,3973e552-4cee-4b4d-852c-6fb081cf8ab3,rejected,validation,stage_evidence,answer key: derived answer disagrees,2.5723,algebra_2,alg2_irrational,1,yes,no,
e132ee82-23f2-4fc8-897b-6f883f584f74,2026-08-12T21:39:42.039218+00:00,3973e552-4cee-4b4d-852c-6fb081cf8ab3,pending,accepted,accepted,,3.9030,algebra_2,alg2_polynomial_factor,3,no,,
c9d329e0-6d04-4dce-8424-caa30c66e4fa,2026-08-12T21:40:26.950034+00:00,3973e552-4cee-4b4d-852c-6fb081cf8ab3,pending,accepted,accepted,,4.2806,algebra_2,alg2_polynomial_factor,3,no,,
16177c7c-0e39-417d-9982-837b6b2baa2a,2026-08-12T21:41:05.744217+00:00,3973e552-4cee-4b4d-852c-6fb081cf8ab3,pending,accepted,accepted,,3.1075,algebra_2,alg2_quadratic_functions,3,no,,
a0b1e879-9cdf-47eb-805d-8e6e340f13df,2026-08-12T21:41:37.556548+00:00,3973e552-4cee-4b4d-852c-6fb081cf8ab3,rejected,validation,stage_evidence,readability,1.3518,algebra_2,alg2_quadratic_functions,4,yes,yes,readability
22e2f6b8-3be2-4106-903a-9e65290dd71e,2026-08-12T21:41:57.601540+00:00,3973e552-4cee-4b4d-852c-6fb081cf8ab3,rejected,validation,stage_evidence,answer key: derived answer disagrees,1.6498,algebra_2,alg2_rational_radical,4,yes,no,
504f88c6-f9b9-4e73-b2b3-fea6aafcc81d,2026-08-12T21:42:20.578842+00:00,3973e552-4cee-4b4d-852c-6fb081cf8ab3,rejected,validation,stage_evidence,answer key: derived answer disagrees,2.8294,algebra_2,alg2_rational_radical,4,yes,yes,readability
c7991f0f-62d3-497e-8e53-f3fb7151617f,2026-08-12T21:42:42.138207+00:00,3973e552-4cee-4b4d-852c-6fb081cf8ab3,rejected,validation,stage_evidence,answer key: derived answer disagrees,2.3386,algebra_2,alg2_rational_radical,5,yes,yes,readability
b69f3b83-2396-4c68-8922-d7a22fe70c1e,2026-08-12T21:43:00.945038+00:00,3973e552-4cee-4b4d-852c-6fb081cf8ab3,rejected,validation,stage_evidence,answer key: derived answer disagrees,1.8725,algebra_2,alg2_rational_radical,5,yes,no,
ff280864-658f-46ad-9cb9-e91a145f0c3c,2026-08-12T21:43:16.023275+00:00,3973e552-4cee-4b4d-852c-6fb081cf8ab3,pending,accepted,accepted,,2.8873,algebra_2,alg2_remainder_factor_theorem,4,no,,
3565f335-0d2a-4157-bf55-1eb740d8e81a,2026-08-12T21:43:49.166239+00:00,3973e552-4cee-4b4d-852c-6fb081cf8ab3,pending,accepted,accepted,,3.0103,algebra_2,alg2_remainder_factor_theorem,4,no,,
7bf8e333-851e-4aba-af68-d41733903ab7,2026-08-12T21:44:24.278704+00:00,3973e552-4cee-4b4d-852c-6fb081cf8ab3,pending,accepted,accepted,,4.5911,algebra_2,alg2_remainder_factor_theorem,4,no,,
92868355-3b21-4de5-8995-e839d5e63ddc,2026-08-12T21:45:12.346406+00:00,3973e552-4cee-4b4d-852c-6fb081cf8ab3,pending,accepted,accepted,,3.5523,algebra_2,alg2_remainder_factor_theorem,4,no,,
5bccde88-eb23-4105-a967-d4fd68867593,2026-08-12T21:45:40.926512+00:00,3973e552-4cee-4b4d-852c-6fb081cf8ab3,pending,accepted,accepted,,3.0312,algebra_2,alg2_sequences,3,no,,
d23dd5b6-bbff-498b-8ea3-310817f693a7,2026-08-12T21:46:15.130789+00:00,3973e552-4cee-4b4d-852c-6fb081cf8ab3,rejected,validation,stage_evidence,math notation,1.6200,algebra_2,alg2_sequences,4,yes,yes,math notation
cfae5e57-6b27-4442-ba79-4e25716389fa,2026-08-12T21:46:30.966433+00:00,3973e552-4cee-4b4d-852c-6fb081cf8ab3,pending,accepted,accepted,,2.7769,algebra_2,alg2_sequences,3,no,,
52f9fe22-d0d2-4d6a-bd32-4a3ed80eed10,2026-08-12T21:47:01.944420+00:00,3973e552-4cee-4b4d-852c-6fb081cf8ab3,rejected,validation,stage_evidence,readability,1.5873,algebra_2,alg2_sequences,5,yes,yes,math notation|readability
1c5a95e5-b4ff-4932-829a-d3c33a653832,2026-08-12T21:47:13.654181+00:00,3973e552-4cee-4b4d-852c-6fb081cf8ab3,pending,accepted,accepted,,2.0408,g2_word_problems,g2_wp_measurement_context,2,no,,
c5ad2cd4-fd0f-4532-b0a6-a63a935e34f7,2026-08-12T21:47:40.216595+00:00,3973e552-4cee-4b4d-852c-6fb081cf8ab3,pending,accepted,accepted,,2.3023,g2_word_problems,g2_wp_measurement_context,2,no,,
5e2be58a-74df-4f9e-8b23-a5332fe2b3d6,2026-08-12T21:48:05.859035+00:00,3973e552-4cee-4b4d-852c-6fb081cf8ab3,pending,accepted,accepted,,2.0387,g2_word_problems,g2_wp_multi_step,2,no,,
de0ec8bd-529d-47ab-925f-3c974f89a847,2026-08-12T21:48:31.482283+00:00,3973e552-4cee-4b4d-852c-6fb081cf8ab3,pending,accepted,accepted,,2.1833,g2_word_problems,g2_wp_multi_step,2,no,,
aa76ecb4-2f80-45ad-ac8d-57734ed963c2,2026-08-12T21:48:56.573929+00:00,3973e552-4cee-4b4d-852c-6fb081cf8ab3,rejected,dedup,stage_evidence,other,1.1231,g2_word_problems,g2_wp_single_operation,1,yes,no,
77aa218c-4222-495a-bec0-0ccfafb6868f,2026-08-12T21:49:11.790655+00:00,3973e552-4cee-4b4d-852c-6fb081cf8ab3,pending,accepted,accepted,,2.2636,g2_word_problems,g2_wp_single_operation,1,no,,
d78fe9fc-6ffb-4b60-b26c-155db9533bb2,2026-08-12T21:49:36.413342+00:00,3973e552-4cee-4b4d-852c-6fb081cf8ab3,pending,accepted,accepted,,2.1427,g4_word_problems,g4_wp_division,2,no,,
53fdae3d-d754-4611-8a9d-d856767fe375,2026-08-12T21:50:02.485809+00:00,3973e552-4cee-4b4d-852c-6fb081cf8ab3,pending,accepted,accepted,,2.1979,g4_word_problems,g4_wp_division,1,no,,
a70e226c-0f8f-48e1-9df7-961230bae700,2026-08-12T21:50:28.646407+00:00,3973e552-4cee-4b4d-852c-6fb081cf8ab3,pending,accepted,accepted,,2.0544,g4_word_problems,g4_wp_formula_mixed,2,no,,
a52478f0-2502-4529-935c-bba1a8a0c1ac,2026-08-12T21:50:54.592877+00:00,3973e552-4cee-4b4d-852c-6fb081cf8ab3,pending,accepted,accepted,,2.1550,g4_word_problems,g4_wp_formula_mixed,2,no,,
0d9c6711-4ed1-46dc-bdb0-ef98929986e4,2026-08-12T21:51:22.111220+00:00,3973e552-4cee-4b4d-852c-6fb081cf8ab3,pending,accepted,accepted,,2.2349,g4_word_problems,g4_wp_formula_mixed,3,no,,
28a20293-db69-4cf6-ac6f-7ec0f6a53e28,2026-08-12T21:51:48.628998+00:00,3973e552-4cee-4b4d-852c-6fb081cf8ab3,pending,accepted,accepted,,2.0484,g4_word_problems,g4_wp_formula_mixed,3,no,,
48eb122f-3623-458c-9953-4213fe387fd9,2026-08-12T21:52:24.502608+00:00,3973e552-4cee-4b4d-852c-6fb081cf8ab3,pending,accepted,accepted,,4.2579,g5_word_problems,g5_wp_decimals,4,no,,
3856b445-b409-45e6-aa8d-52f9f7614b17,2026-08-12T21:53:04.049812+00:00,3973e552-4cee-4b4d-852c-6fb081cf8ab3,pending,accepted,accepted,,3.2459,g5_word_problems,g5_wp_decimals,4,no,,
526f3c3a-a7a9-4c6b-a386-74df839b7451,2026-08-12T21:53:34.134678+00:00,3973e552-4cee-4b4d-852c-6fb081cf8ab3,pending,accepted,accepted,,2.3786,g5_word_problems,g5_wp_fractions,2,no,,
2674012c-006f-4c4f-95c2-1f9b78f1fdd6,2026-08-12T21:54:03.286232+00:00,3973e552-4cee-4b4d-852c-6fb081cf8ab3,rejected,validation,stage_evidence,answer key: several options match,1.3410,g5_word_problems,g5_wp_fractions,1,yes,yes,answer key: several options match
1eabdb79-628b-48c5-afdd-09fd401e807d,2026-08-12T21:54:17.865536+00:00,3973e552-4cee-4b4d-852c-6fb081cf8ab3,pending,accepted,accepted,,2.4259,g5_word_problems,g5_wp_ratios_mixed,4,no,,
d7e8d7fc-5137-4c92-8609-2b971884e0cc,2026-08-12T21:54:45.014598+00:00,3973e552-4cee-4b4d-852c-6fb081cf8ab3,pending,accepted,accepted,,2.5003,g5_word_problems,g5_wp_ratios_mixed,3,no,,
0fb9a795-98e2-43fe-8d8f-1a6e8b5d4899,2026-08-12T21:55:13.876936+00:00,3973e552-4cee-4b4d-852c-6fb081cf8ab3,pending,accepted,accepted,,2.5392,g5_word_problems,g5_wp_ratios_mixed,4,no,,
da1b1d51-6133-4dbb-b1cb-98955b76f926,2026-08-12T21:55:54.732635+00:00,3973e552-4cee-4b4d-852c-6fb081cf8ab3,pending,accepted,accepted,,3.2587,g5_word_problems,g5_wp_ratios_mixed,4,no,,
73ef18d7-4458-4ce7-8ff0-585798709158,2026-08-12T21:56:21.953588+00:00,3973e552-4cee-4b4d-852c-6fb081cf8ab3,pending,accepted,accepted,,2.2427,g68_word_problems,g68_wp_equations,2,no,,
01b394ba-1b59-400f-8aa9-13cc3d439ea3,2026-08-12T21:56:48.993328+00:00,3973e552-4cee-4b4d-852c-6fb081cf8ab3,pending,accepted,accepted,,2.5121,g68_word_problems,g68_wp_equations,2,no,,
eb026f44-cf06-4df3-bb19-48d25e09953f,2026-08-12T21:57:35.309059+00:00,3973e552-4cee-4b4d-852c-6fb081cf8ab3,rejected,validation,stage_evidence,math notation,3.0640,g68_word_problems,g68_wp_inequalities,4,yes,yes,math notation
4d9565c4-45b9-49a3-8438-baa766543028,2026-08-12T21:57:54.583778+00:00,3973e552-4cee-4b4d-852c-6fb081cf8ab3,rejected,design,stage_evidence,other,2.8164,,,,no,,
0fb6e70b-348e-4f61-9ff5-8a8b8323efe5,2026-08-12T21:58:13.139260+00:00,3973e552-4cee-4b4d-852c-6fb081cf8ab3,rejected,design,stage_evidence,other,2.3797,,,,no,,
54b3a75f-e439-4eae-b720-14eb07c24249,2026-08-12T21:58:33.871048+00:00,3973e552-4cee-4b4d-852c-6fb081cf8ab3,pending,accepted,accepted,,3.2900,g68_word_problems,g68_wp_inequalities,4,no,,
4b09b7bf-9298-44ef-8b8f-b18aa2a92e7d,2026-08-12T21:59:12.793456+00:00,3973e552-4cee-4b4d-852c-6fb081cf8ab3,rejected,validation,stage_evidence,answer key: derived answer disagrees,1.9916,g68_word_problems,g68_wp_proportion,4,yes,yes,answer key: derived answer disagrees
9b5a1abd-87a8-4fb5-a712-0e73412369c5,2026-08-12T21:59:28.856767+00:00,3973e552-4cee-4b4d-852c-6fb081cf8ab3,pending,accepted,accepted,,2.7033,g68_word_problems,g68_wp_proportion,2,no,,
8c9632a6-1972-4f96-ad59-1ec4471bf32f,2026-08-12T22:00:03.454255+00:00,3973e552-4cee-4b4d-852c-6fb081cf8ab3,pending,accepted,accepted,,3.1100,g6_fractions,g6_fraction_decimal_percent,4,no,,
49e15cbb-ef0c-4e6e-adc1-0a8308c08ce9,2026-08-12T22:00:35.520926+00:00,3973e552-4cee-4b4d-852c-6fb081cf8ab3,rejected,judge,stage_evidence,answer leakage,3.0821,g6_fractions,g6_fraction_decimal_percent,4,yes,no,
3d09693d-3bed-45ce-8ca7-073716d8377f,2026-08-12T22:01:04.338748+00:00,3973e552-4cee-4b4d-852c-6fb081cf8ab3,rejected,validation,stage_evidence,answer key: derived answer disagrees,1.2331,g6_fractions,g6_fraction_decimal_percent,5,yes,yes,answer key: derived answer disagrees
e6b29567-e2c7-4286-bf8d-b94e4b72de04,2026-08-12T22:01:17.800602+00:00,3973e552-4cee-4b4d-852c-6fb081cf8ab3,pending,accepted,accepted,,2.6254,g6_fractions,g6_fraction_decimal_percent,2,no,,
b1943a38-835a-419e-b704-cfc555282ef2,2026-08-12T22:01:45.748903+00:00,3973e552-4cee-4b4d-852c-6fb081cf8ab3,rejected,solver,stage_evidence,options,2.4999,g6_fractions,g6_fraction_mul_div,4,yes,no,
8c706c65-5db3-47e3-b409-4490a41ae75e,2026-08-12T22:02:12.043221+00:00,3973e552-4cee-4b4d-852c-6fb081cf8ab3,pending,accepted,accepted,,2.4391,g6_fractions,g6_fraction_mul_div,3,no,,
c7c6faa2-bc5a-4c91-b71d-5c317d851f9a,2026-08-12T22:02:36.254745+00:00,3973e552-4cee-4b4d-852c-6fb081cf8ab3,pending,accepted,accepted,,2.0507,g6_word_problems,g6_wp_average,1,no,,
d7ef71e5-d51e-4a59-912f-d36243d8d35c,2026-08-12T22:02:58.262967+00:00,3973e552-4cee-4b4d-852c-6fb081cf8ab3,rejected,judge,stage_evidence,hint ladder,2.0179,g6_word_problems,g6_wp_average,1,yes,no,
d2469733-fc6c-4dc1-82cb-37a4d862d4a0,2026-08-12T22:03:23.967350+00:00,3973e552-4cee-4b4d-852c-6fb081cf8ab3,rejected,validation,stage_evidence,answer key: derived answer disagrees,1.1692,g6_word_problems,g6_wp_rate_speed,4,yes,yes,answer key: derived answer disagrees
ec0f79e0-7033-4029-a0ff-46480a612d18,2026-08-12T22:03:35.260358+00:00,3973e552-4cee-4b4d-852c-6fb081cf8ab3,pending,accepted,accepted,,2.1150,g6_word_problems,g6_wp_rate_speed,2,no,,
f868bf1c-eae5-4f27-b199-f0f8eda58b29,2026-08-12T22:04:02.783043+00:00,3973e552-4cee-4b4d-852c-6fb081cf8ab3,rejected,validation,stage_evidence,readability,1.1960,g6_word_problems,g6_wp_ratio_proportion,4,yes,yes,readability
917972e6-cff2-434a-b788-20de1f62a3b8,2026-08-12T22:04:17.731054+00:00,3973e552-4cee-4b4d-852c-6fb081cf8ab3,pending,accepted,accepted,,2.9886,g6_word_problems,g6_wp_ratio_proportion,2,no,,
20c54a21-9dfc-44c4-a587-af8925018b31,2026-08-12T22:04:56.771281+00:00,3973e552-4cee-4b4d-852c-6fb081cf8ab3,pending,accepted,accepted,,3.6179,g6_word_problems,g6_wp_ratio_proportion,3,no,,
d61c6338-51f7-4d0a-a7aa-9952af23f385,2026-08-12T22:05:36.262789+00:00,3973e552-4cee-4b4d-852c-6fb081cf8ab3,pending,accepted,accepted,,2.8658,g6_word_problems,g6_wp_ratio_proportion,2,no,,
ef8540c9-9d17-4fbd-b2c2-a01a4c499455,2026-08-12T22:06:04.249739+00:00,3973e552-4cee-4b4d-852c-6fb081cf8ab3,rejected,validation,stage_evidence,answer key: several options match,1.4206,trigonometry,trig_functions,4,yes,yes,answer key: several options match
9d419130-4895-4ef0-ba10-eae15ec05046,2026-08-12T22:06:27.875908+00:00,3973e552-4cee-4b4d-852c-6fb081cf8ab3,pending,accepted,accepted,,3.6997,trigonometry,trig_functions,3,no,,
02c1cee7-a20a-4d03-acc0-c301eca7813c,2026-08-12T22:07:11.528212+00:00,3973e552-4cee-4b4d-852c-6fb081cf8ab3,rejected,validation,stage_evidence,answer key: derived answer disagrees,2.5690,trigonometry,trig_functions,5,yes,no,
c5ac9553-17c3-4b82-926e-40d3d75eb5ad,2026-08-12T22:07:26.036411+00:00,3973e552-4cee-4b4d-852c-6fb081cf8ab3,pending,accepted,accepted,,2.4805,trigonometry,trig_functions,3,no,,
43503419-e8f9-464a-8d5b-7eac3600083d,2026-08-12T22:07:54.509822+00:00,3973e552-4cee-4b4d-852c-6fb081cf8ab3,pending,accepted,accepted,,2.6555,trigonometry,trig_ratios,2,no,,
7bf6d3d4-fa5c-4bd2-808b-9059f62bce8d,2026-08-12T22:08:22.412074+00:00,3973e552-4cee-4b4d-852c-6fb081cf8ab3,pending,accepted,accepted,,2.5653,trigonometry,trig_ratios,1,no,,
1aa4ce32-56c8-4ecf-add3-f616502fc465,2026-08-13T00:17:22.041693+00:00,704624f4-d643-44d7-bf57-79964e1592b1,pending,accepted,accepted,,3.2747,algebra_2,alg2_irrational,2,no,,
eda2d778-034d-46dc-a104-482c093c5948,2026-08-13T00:18:23.385220+00:00,704624f4-d643-44d7-bf57-79964e1592b1,rejected,validation,stage_evidence,answer key: several options match,2.4050,algebra_2,alg2_irrational,1,yes,yes,answer key: derived answer disagrees
c9e68970-b176-493b-883e-bc5227cd40e1,2026-08-13T00:18:49.223320+00:00,704624f4-d643-44d7-bf57-79964e1592b1,rejected,validation,stage_evidence,answer key: several options match,2.6092,algebra_2,alg2_irrational,1,yes,no,
08e7d98d-92b0-4eb9-b081-d649e564ab94,2026-08-13T00:19:17.529440+00:00,704624f4-d643-44d7-bf57-79964e1592b1,rejected,validation,stage_evidence,answer key: several options match,3.0436,algebra_2,alg2_irrational,2,yes,no,
af9caffc-ec38-4d58-8be3-fa5cac0b4e32,2026-08-13T00:19:31.981206+00:00,704624f4-d643-44d7-bf57-79964e1592b1,pending,accepted,accepted,,2.5616,algebra_2,alg2_irrational,2,no,,
d4969a63-f21d-4f09-bcd9-8bc15a140922,2026-08-13T00:20:06.866985+00:00,704624f4-d643-44d7-bf57-79964e1592b1,pending,accepted,accepted,,3.4895,algebra_2,alg2_irrational,1,no,,
a5d6aa6c-fb43-44bb-a45e-0d1b7fd27fbd,2026-08-13T00:20:43.043793+00:00,704624f4-d643-44d7-bf57-79964e1592b1,rejected,validation,stage_evidence,answer key: several options match,2.1559,algebra_2,alg2_polynomial_factor,3,yes,yes,answer key: several options match
33adb393-722a-4e09-bf7f-d7e04842f187,2026-08-13T00:20:59.378739+00:00,704624f4-d643-44d7-bf57-79964e1592b1,pending,accepted,accepted,,3.2575,algebra_2,alg2_polynomial_factor,3,no,,
b9779051-b06c-4942-8e09-1859a66d0503,2026-08-13T00:21:38.537557+00:00,704624f4-d643-44d7-bf57-79964e1592b1,rejected,validation,stage_evidence,answer key: several options match,1.7238,algebra_2,alg2_polynomial_factor,3,yes,yes,answer key: several options match
482b8f52-ba9b-4f4f-8995-23ee22dde4d3,2026-08-13T00:21:55.289588+00:00,704624f4-d643-44d7-bf57-79964e1592b1,rejected,validation,stage_evidence,readability,1.5865,algebra_2,alg2_polynomial_factor,4,yes,yes,readability
a355c157-c9fc-4207-9f88-009b99266195,2026-08-13T00:22:13.118722+00:00,704624f4-d643-44d7-bf57-79964e1592b1,rejected,validation,stage_evidence,readability,1.7139,algebra_2,alg2_polynomial_factor,4,yes,yes,readability
f9d9dd58-979f-447f-a85f-f541ad982ae3,2026-08-13T00:22:32.001215+00:00,704624f4-d643-44d7-bf57-79964e1592b1,rejected,validation,stage_evidence,readability,1.8952,algebra_2,alg2_polynomial_factor,4,yes,yes,readability
b1d416b8-5aea-48c9-a90f-346327371bac,2026-08-13T00:22:51.952242+00:00,704624f4-d643-44d7-bf57-79964e1592b1,pending,accepted,accepted,,4.1580,algebra_2,alg2_rational_radical,3,no,,
f703af08-e3d7-4fc4-8c6b-11a0e6a99935,2026-08-13T00:23:30.009518+00:00,704624f4-d643-44d7-bf57-79964e1592b1,rejected,validation,stage_evidence,answer key: derived answer disagrees,1.7858,algebra_2,alg2_rational_radical,4,yes,yes,answer key: derived answer disagrees
c56bcac0-acef-487b-9ece-b8ac3cd838db,2026-08-13T00:23:49.244096+00:00,704624f4-d643-44d7-bf57-79964e1592b1,rejected,solver,reason_text,other,3.2806,algebra_2,alg2_rational_radical,4,yes,no,
34a5deff-2984-4d00-9ae8-fc4fb101cdb3,2026-08-13T00:24:18.516468+00:00,704624f4-d643-44d7-bf57-79964e1592b1,rejected,validation,stage_evidence,readability,2.4924,algebra_2,alg2_rational_radical,5,yes,yes,readability
0b0e250b-c8c8-4b43-8214-4b17b440f51f,2026-08-13T00:24:43.746563+00:00,704624f4-d643-44d7-bf57-79964e1592b1,rejected,solver,stage_evidence,answer key: derived answer disagrees,4.3641,algebra_2,alg2_rational_radical,5,yes,no,
eab2df2d-fc42-45d3-9618-8522b64dfcdb,2026-08-13T00:25:37.138508+00:00,704624f4-d643-44d7-bf57-79964e1592b1,rejected,validation,stage_evidence,answer key: derived answer disagrees,4.7751,algebra_2,alg2_rational_radical,5,yes,yes,answer key: derived answer disagrees
b1595c82-90a9-48eb-a642-f908b3774291,2026-08-13T00:25:51.226089+00:00,704624f4-d643-44d7-bf57-79964e1592b1,pending,accepted,accepted,,2.5262,algebra_2,alg2_remainder_factor_theorem,4,no,,
8f2adb0e-07c3-47d0-bcc5-31ab593ba4b5,2026-08-13T00:26:21.808524+00:00,704624f4-d643-44d7-bf57-79964e1592b1,pending,accepted,accepted,,2.9894,algebra_2,alg2_remainder_factor_theorem,4,no,,
59a0f64a-cf8b-48b8-927d-3fdfce36d417,2026-08-13T00:26:56.894301+00:00,704624f4-d643-44d7-bf57-79964e1592b1,rejected,validation,stage_evidence,equation unusable,2.3435,algebra_2,alg2_remainder_factor_theorem,4,yes,yes,equation unusable
d6bd4efa-3dbd-4f79-989f-a057128afb8b,2026-08-13T00:27:16.806776+00:00,704624f4-d643-44d7-bf57-79964e1592b1,pending,accepted,accepted,,4.1565,algebra_2,alg2_remainder_factor_theorem,4,no,,
08974a92-d147-4f35-ba92-834ffe013801,2026-08-13T00:27:53.385056+00:00,704624f4-d643-44d7-bf57-79964e1592b1,pending,accepted,accepted,,2.8324,algebra_2,alg2_remainder_factor_theorem,5,no,,
8f990b46-0388-4b68-ab1c-bd97124c7fe2,2026-08-13T00:28:23.753504+00:00,704624f4-d643-44d7-bf57-79964e1592b1,pending,accepted,accepted,,2.9770,algebra_2,alg2_remainder_factor_theorem,4,no,,
6fde8014-916a-4672-a627-10a38669396d,2026-08-13T00:32:39.531706+00:00,0e68de97-5f2b-4a0d-a860-51fda2929a86,rejected,design,stage_evidence,other,4.1566,,,,no,,
7840203a-75ed-421f-9219-8a918d905678,2026-08-13T00:34:14.525123+00:00,0e68de97-5f2b-4a0d-a860-51fda2929a86,rejected,design,stage_evidence,other,4.4555,,,,no,,
c9bc5391-ff1e-4ee3-bed6-1da99a09ba0d,2026-08-13T00:35:41.271174+00:00,0e68de97-5f2b-4a0d-a860-51fda2929a86,rejected,design,stage_evidence,other,2.4777,,,,no,,
06c98ca7-35a5-43bc-a0fe-77d5523f493b,2026-08-13T00:36:19.419663+00:00,0e68de97-5f2b-4a0d-a860-51fda2929a86,rejected,design,stage_evidence,other,3.9878,,,,no,,
0c372316-6032-4599-8d9d-9aabd57c9574,2026-08-13T00:37:02.346754+00:00,0e68de97-5f2b-4a0d-a860-51fda2929a86,pending,accepted,accepted,,5.6589,calculus,calc_derivatives,2,no,,
2ffaca37-753d-4ab7-bb12-bd8966a4eb3f,2026-08-13T00:37:52.609762+00:00,0e68de97-5f2b-4a0d-a860-51fda2929a86,rejected,design,stage_evidence,other,3.5799,,,,no,,
1abb06ec-b496-4c42-8887-3ebdffd621cf,2026-08-13T00:38:12.235736+00:00,0e68de97-5f2b-4a0d-a860-51fda2929a86,rejected,design,stage_evidence,other,2.3167,,,,no,,
f4ea071b-c491-4e67-bfd5-60436af39afb,2026-08-13T00:38:29.685872+00:00,0e68de97-5f2b-4a0d-a860-51fda2929a86,rejected,design,stage_evidence,other,2.0328,,,,no,,
c11d46b6-16db-4e1f-b50a-1d6912ff7eac,2026-08-13T00:39:06.804399+00:00,0e68de97-5f2b-4a0d-a860-51fda2929a86,rejected,validation,stage_evidence,answer key: derived answer disagrees,3.6390,calculus,calc_derivatives,4,yes,yes,answer key: derived answer disagrees|readability
2056ece9-e44e-404f-afb0-9bd8f97f668a,2026-08-13T00:39:21.276950+00:00,0e68de97-5f2b-4a0d-a860-51fda2929a86,rejected,validation,stage_evidence,answer leakage,1.2308,trigonometry,trig_functions,3,yes,yes,answer leakage|readability
28274374-7d27-40c3-a26c-df5234647509,2026-08-13T00:39:38.566556+00:00,0e68de97-5f2b-4a0d-a860-51fda2929a86,pending,accepted,accepted,,2.7379,trigonometry,trig_functions,3,no,,
a18febf6-b9f4-476c-abae-95842abaad6a,2026-08-13T00:40:08.604478+00:00,0e68de97-5f2b-4a0d-a860-51fda2929a86,rejected,validation,stage_evidence,answer leakage,1.3922,trigonometry,trig_functions,3,yes,yes,answer leakage
39ccc4b0-c0fb-444d-b7c5-131de3b005b1,2026-08-13T00:40:26.287840+00:00,0e68de97-5f2b-4a0d-a860-51fda2929a86,pending,accepted,accepted,,2.9703,trigonometry,trig_functions,3,no,,
78442f23-2bb0-4574-b1e1-db00ade78b88,2026-08-13T00:41:10.245343+00:00,0e68de97-5f2b-4a0d-a860-51fda2929a86,pending,accepted,accepted,,4.5819,trigonometry,trig_functions,4,no,,
64ea9596-49e0-4f15-8ade-3dae52db4d93,2026-08-13T00:41:52.225517+00:00,0e68de97-5f2b-4a0d-a860-51fda2929a86,pending,accepted,accepted,,4.0793,trigonometry,trig_functions,3,no,,
99f9da2b-a4e1-471e-bed8-95daafaf3b9b,2026-08-13T00:42:21.162917+00:00,0e68de97-5f2b-4a0d-a860-51fda2929a86,pending,accepted,accepted,,3.0591,trigonometry,trig_functions,3,no,,
f0d5d865-0ed6-4b5e-9920-7e288c629b40,2026-08-13T00:42:53.637368+00:00,0e68de97-5f2b-4a0d-a860-51fda2929a86,rejected,validation,stage_evidence,answer leakage,1.6091,trigonometry,trig_functions,5,yes,yes,answer leakage
f984e8f3-1d24-4065-ba3e-030949f59dd1,2026-08-13T00:43:23.678071+00:00,0e68de97-5f2b-4a0d-a860-51fda2929a86,pending,accepted,accepted,,4.3235,trigonometry,trig_functions,3,no,,
4c5e9eb1-6fc8-44b9-912d-1f8df8ca4a06,2026-08-13T02:53:00.310275+00:00,37cb300f-3f66-472d-bae6-721154e7404f,rejected,validation,stage_evidence,readability,1.7696,calculus,calc_derivatives,2,yes,yes,readability
3be3be2b-3031-4e4a-9b31-63853156563f,2026-08-13T02:53:36.168989+00:00,37cb300f-3f66-472d-bae6-721154e7404f,rejected,validation,stage_evidence,answer leakage,1.4065,calculus,calc_derivatives,2,yes,yes,answer leakage
15c92d01-c184-4efc-924e-354e9f75217a,2026-08-13T02:53:52.195698+00:00,37cb300f-3f66-472d-bae6-721154e7404f,rejected,judge,stage_evidence,math notation,3.1905,calculus,calc_derivatives,2,yes,no,
23cdd8c0-5016-4846-883e-869383fc39b4,2026-08-13T02:54:27.487438+00:00,37cb300f-3f66-472d-bae6-721154e7404f,rejected,validation,stage_evidence,answer leakage,1.8886,calculus,calc_derivatives,3,yes,yes,answer leakage
bf6100f9-1a9d-4d89-8e57-bd3d8aa61cf2,2026-08-13T02:54:45.674697+00:00,37cb300f-3f66-472d-bae6-721154e7404f,pending,accepted,accepted,,2.9569,calculus,calc_derivatives,2,no,,
406602aa-c99c-4bcc-9af8-8b9d1de50521,2026-08-13T02:55:21.059521+00:00,37cb300f-3f66-472d-bae6-721154e7404f,rejected,generator,stage_evidence,hint ladder,1.8015,calculus,calc_derivatives,3,no,,
81d85db7-9df9-41cc-b9c5-1b9a9e23be89,2026-08-13T02:55:45.780926+00:00,37cb300f-3f66-472d-bae6-721154e7404f,rejected,difficulty,stage_evidence,difficulty rubric,3.7530,calculus,calc_derivatives,4,yes,no,
09ad5ef9-dc1e-404d-a5b0-96607d5955bf,2026-08-13T02:56:19.618449+00:00,37cb300f-3f66-472d-bae6-721154e7404f,rejected,validation,stage_evidence,answer leakage,1.7915,calculus,calc_derivatives,4,yes,yes,answer key: derived answer disagrees|answer key: several options match|answer leakage|math notation
8dd2d9e7-e3cf-4079-a9ab-ae60ee380ff0,2026-08-13T02:56:37.546205+00:00,37cb300f-3f66-472d-bae6-721154e7404f,rejected,validation,stage_evidence,other,1.7462,calculus,calc_derivatives,4,yes,yes,other
54ff336c-f335-49c4-a25c-b9b686408342,2026-08-13T02:56:53.735178+00:00,37cb300f-3f66-472d-bae6-721154e7404f,rejected,validation,stage_evidence,readability,1.5823,trigonometry,trig_functions,3,yes,yes,readability
71a1aefa-d475-4f6b-ba52-076abca8c166,2026-08-13T02:57:08.460277+00:00,37cb300f-3f66-472d-bae6-721154e7404f,rejected,validation,stage_evidence,answer leakage,1.3294,trigonometry,trig_functions,3,yes,yes,answer leakage
a5ffc797-e9f4-4596-bb0d-87652d1f720e,2026-08-13T02:57:26.284618+00:00,37cb300f-3f66-472d-bae6-721154e7404f,rejected,difficulty,stage_evidence,difficulty rubric,2.9622,trigonometry,trig_functions,3,yes,no,
4034997f-8775-4ee7-aa17-83d2842c348b,2026-08-13T02:58:14.494999+00:00,37cb300f-3f66-472d-bae6-721154e7404f,pending,accepted,accepted,,5.2372,trigonometry,trig_functions,3,no,,
9c9a82fc-285f-4375-a158-91cff4b9d6ae,2026-08-13T02:58:56.120097+00:00,37cb300f-3f66-472d-bae6-721154e7404f,rejected,validation,stage_evidence,answer leakage,3.4824,trigonometry,trig_functions,4,yes,yes,answer leakage
0ac180ae-a66d-428d-86d8-f19c340a9409,2026-08-13T02:59:12.581778+00:00,37cb300f-3f66-472d-bae6-721154e7404f,rejected,validation,stage_evidence,readability,1.7263,trigonometry,trig_functions,4,yes,yes,readability
7a310bca-380b-4652-aa9c-fd767f7e60a9,2026-08-13T02:59:29.504360+00:00,37cb300f-3f66-472d-bae6-721154e7404f,pending,accepted,accepted,,2.9576,trigonometry,trig_functions,2,no,,
df2336e0-41d3-4e52-a757-d647ac59de71,2026-08-13T03:00:08.762410+00:00,37cb300f-3f66-472d-bae6-721154e7404f,pending,accepted,accepted,,4.1046,trigonometry,trig_functions,2,no,,
aeacdba2-046b-49a4-98e6-f49d94c1aa23,2026-08-13T03:00:38.470160+00:00,37cb300f-3f66-472d-bae6-721154e7404f,pending,accepted,accepted,,2.5901,trigonometry,trig_functions,1,no,,
a52d29ef-e385-4f84-92c8-01fc33b7a25a,2026-08-13T03:58:01.658601+00:00,b3980d10-d50a-43fe-b083-6931e63191bc,rejected,validation,stage_evidence,answer key: several options match,1.7021,algebra_2,alg2_irrational,1,yes,no,
4dd3ffa8-93a7-40a2-9b26-4ce0c13a0fbe,2026-08-13T03:58:01.658601+00:00,b3980d10-d50a-43fe-b083-6931e63191bc,rejected,validation,stage_evidence,answer key: several options match,0.5739,algebra_2,alg2_irrational,1,yes,no,
44f86ad5-6132-483e-a5b1-c17597b64c1c,2026-08-13T03:58:01.658601+00:00,b3980d10-d50a-43fe-b083-6931e63191bc,rejected,validation,stage_evidence,answer key: several options match,0.5594,algebra_2,alg2_irrational,1,yes,no,
dad694ba-0a96-44f5-bf3a-3e4bb6adb030,2026-08-13T03:58:58.285282+00:00,b3980d10-d50a-43fe-b083-6931e63191bc,pending,accepted,accepted,,3.1616,algebra_2,alg2_irrational,2,no,,
49398ef7-9169-414b-9d6b-bfcf7bc1d612,2026-08-13T03:59:28.642662+00:00,b3980d10-d50a-43fe-b083-6931e63191bc,rejected,validation,stage_evidence,answer key: several options match,1.2616,algebra_2,alg2_irrational,2,yes,no,
ff7ade4c-77d6-405c-bb7b-1294826573dc,2026-08-13T03:59:28.642662+00:00,b3980d10-d50a-43fe-b083-6931e63191bc,rejected,validation,stage_evidence,answer key: several options match,0.5639,algebra_2,alg2_irrational,2,yes,no,
347f6a4a-18f1-40d5-9002-9f18f5bb01ef,2026-08-13T03:59:28.642662+00:00,b3980d10-d50a-43fe-b083-6931e63191bc,rejected,validation,stage_evidence,answer key: several options match,0.5219,algebra_2,alg2_irrational,2,yes,no,
776b2b05-d148-4cfc-901a-82a4165ac0b8,2026-08-13T03:59:57.447170+00:00,b3980d10-d50a-43fe-b083-6931e63191bc,pending,accepted,accepted,,2.9113,algebra_2,alg2_irrational,2,no,,
9d15105d-1b74-40e1-8c96-907983e142d2,2026-08-13T04:00:31.729521+00:00,b3980d10-d50a-43fe-b083-6931e63191bc,pending,accepted,accepted,,3.6587,algebra_2,alg2_polynomial_factor,3,no,,
5f7c3a9e-980e-4d19-a7ce-3cb9bda31eac,2026-08-13T04:01:14.130462+00:00,b3980d10-d50a-43fe-b083-6931e63191bc,rejected,validation,stage_evidence,answer key: several options match,0.7064,algebra_2,alg2_polynomial_factor,3,yes,yes,answer key: several options match
64b2ca53-d6d8-44bd-b10b-dc46c92ce007,2026-08-13T04:01:14.130462+00:00,b3980d10-d50a-43fe-b083-6931e63191bc,rejected,validation,stage_evidence,answer key: several options match,0.6004,algebra_2,alg2_polynomial_factor,3,yes,yes,answer key: several options match
b2039a7d-dfa7-4617-a908-1f1537c362f8,2026-08-13T04:01:14.130462+00:00,b3980d10-d50a-43fe-b083-6931e63191bc,rejected,validation,stage_evidence,answer key: several options match,1.5337,algebra_2,alg2_polynomial_factor,3,yes,yes,answer key: several options match
682c6ff2-e854-472d-8de9-4ab92dc2ffbe,2026-08-13T04:02:00.408419+00:00,b3980d10-d50a-43fe-b083-6931e63191bc,pending,accepted,accepted,,2.3765,algebra_2,alg2_polynomial_factor,3,no,,
95872264-1b50-4474-b759-5c549f8f3805,2026-08-13T04:02:00.408419+00:00,b3980d10-d50a-43fe-b083-6931e63191bc,rejected,validation,stage_evidence,readability,2.3151,algebra_2,alg2_polynomial_factor,4,yes,yes,readability
06dc73c1-565b-46c7-8027-af8c7867db0f,2026-08-13T04:02:48.956309+00:00,b3980d10-d50a-43fe-b083-6931e63191bc,pending,accepted,accepted,,2.7905,algebra_2,alg2_polynomial_factor,3,no,,
5ba4df6d-8c54-4abd-a540-7b072c617467,2026-08-13T04:02:48.956309+00:00,b3980d10-d50a-43fe-b083-6931e63191bc,rejected,validation,stage_evidence,readability,2.8529,algebra_2,alg2_polynomial_factor,4,yes,yes,readability
5a3d3022-f36d-4d05-9833-fa43cfdd6759,2026-08-13T04:03:33.421440+00:00,b3980d10-d50a-43fe-b083-6931e63191bc,pending,accepted,accepted,,2.3920,g5_word_problems,g5_wp_fractions,1,no,,
ec8f087a-de57-402d-8adf-40ef5ed1dbd7,2026-08-13T04:04:00.972661+00:00,b3980d10-d50a-43fe-b083-6931e63191bc,pending,accepted,accepted,,2.4732,g5_word_problems,g5_wp_fractions,1,no,,
3bcfd5cf-c345-47c3-9dbc-289b8da968ba,2026-08-13T04:04:27.304667+00:00,b3980d10-d50a-43fe-b083-6931e63191bc,pending,accepted,accepted,,2.4958,g5_word_problems,g5_wp_fractions,2,no,,
dcb2f6da-4094-49e2-89dc-b168224fcdfc,2026-08-13T04:04:53.164779+00:00,b3980d10-d50a-43fe-b083-6931e63191bc,pending,accepted,accepted,,2.6081,g5_word_problems,g5_wp_fractions,2,no,,
d793365a-1b84-4721-aea1-33100fb3b747,2026-08-13T04:05:16.589465+00:00,b3980d10-d50a-43fe-b083-6931e63191bc,pending,accepted,accepted,,2.3360,g5_word_problems,g5_wp_fractions,2,no,,
6f532b07-d3ac-4c35-9f22-7e812a5d0045,2026-08-13T04:05:40.579386+00:00,b3980d10-d50a-43fe-b083-6931e63191bc,pending,accepted,accepted,,2.2737,g5_word_problems,g5_wp_fractions,3,no,,
ac38ff8f-ff01-4189-bb1d-1a7d9ca0da27,2026-08-13T04:06:07.958903+00:00,b3980d10-d50a-43fe-b083-6931e63191bc,rejected,validation,stage_evidence,answer key: several options match,1.7078,g6_fractions,g6_fraction_mul_div,2,yes,yes,answer key: several options match
e2fa3f48-4c6e-4f59-9148-c41f3e3cf80c,2026-08-13T04:06:07.958903+00:00,b3980d10-d50a-43fe-b083-6931e63191bc,rejected,validation,stage_evidence,answer key: several options match,0.5629,g6_fractions,g6_fraction_mul_div,2,yes,yes,answer key: several options match
8fdd808c-05c5-4ecf-afcb-5edb27c6ef41,2026-08-13T04:06:07.958903+00:00,b3980d10-d50a-43fe-b083-6931e63191bc,rejected,validation,stage_evidence,answer key: several options match,0.5444,g6_fractions,g6_fraction_mul_div,2,yes,yes,answer key: several options match
a36088e1-bb65-4717-b95c-3b47c4c2280d,2026-08-13T04:06:38.906318+00:00,b3980d10-d50a-43fe-b083-6931e63191bc,pending,accepted,accepted,,2.5780,g6_fractions,g6_fraction_mul_div,2,no,,
959dfa95-a772-4afc-9bc3-88191ccff601,2026-08-13T04:07:08.820283+00:00,b3980d10-d50a-43fe-b083-6931e63191bc,pending,accepted,accepted,,3.2845,g6_fractions,g6_fraction_mul_div,2,no,,
fa0ed5a9-fe60-4fe1-9f80-0ea2b7acc74c,2026-08-13T04:07:41.895494+00:00,b3980d10-d50a-43fe-b083-6931e63191bc,pending,accepted,accepted,,3.4243,g6_fractions,g6_fraction_mul_div,2,no,,
33cacc67-ab4d-4688-bffe-7c418de79f30,2026-08-13T04:08:20.837246+00:00,b3980d10-d50a-43fe-b083-6931e63191bc,pending,accepted,accepted,,3.2913,g6_fractions,g6_fraction_mul_div,3,no,,
727dd636-18dc-4fd6-8559-bfe9fe3c1727,2026-08-13T04:08:49.791900+00:00,b3980d10-d50a-43fe-b083-6931e63191bc,pending,accepted,accepted,,3.6344,g6_fractions,g6_fraction_mul_div,2,no,,
4174eda0-f81a-4872-9f42-d6a2c90371a7,2026-08-13T04:09:15.754139+00:00,b3980d10-d50a-43fe-b083-6931e63191bc,rejected,validation,stage_evidence,answer key: several options match,0.5574,g6_fractions,g6_fraction_reduce,1,yes,no,
ffecfb9f-2647-4524-808f-b67cd0ca0220,2026-08-13T04:09:15.754139+00:00,b3980d10-d50a-43fe-b083-6931e63191bc,rejected,validation,stage_evidence,answer key: several options match,1.2242,g6_fractions,g6_fraction_reduce,1,yes,no,
c33c271f-b392-4f45-bc0d-47293e508928,2026-08-13T04:09:15.754139+00:00,b3980d10-d50a-43fe-b083-6931e63191bc,rejected,validation,stage_evidence,answer key: several options match,0.5294,g6_fractions,g6_fraction_reduce,1,yes,no,
d972d2a5-4d38-4b93-b35f-bb337d1d5e3c,2026-08-13T04:09:43.095253+00:00,b3980d10-d50a-43fe-b083-6931e63191bc,rejected,validation,stage_evidence,answer key: several options match,0.6699,g6_fractions,g6_fraction_reduce,1,yes,yes,answer key: derived answer disagrees
672aaac1-1586-45ec-882b-c505733cdd67,2026-08-13T04:09:43.095253+00:00,b3980d10-d50a-43fe-b083-6931e63191bc,rejected,validation,stage_evidence,answer key: several options match,1.2302,g6_fractions,g6_fraction_reduce,1,yes,no,
59fe923c-39fa-442d-a732-65a514ed89d2,2026-08-13T04:09:43.095253+00:00,b3980d10-d50a-43fe-b083-6931e63191bc,rejected,validation,stage_evidence,answer key: several options match,0.7489,g6_fractions,g6_fraction_reduce,1,yes,no,
aa887b55-1d5c-4356-a88d-8189ffe39cdf,2026-08-13T04:10:16.011330+00:00,b3980d10-d50a-43fe-b083-6931e63191bc,rejected,validation,stage_evidence,answer key: several options match,1.2380,g6_fractions,g6_fraction_reduce,2,yes,no,
0597b71e-597f-49f4-9072-dd1767d01818,2026-08-13T04:10:16.011330+00:00,b3980d10-d50a-43fe-b083-6931e63191bc,rejected,validation,stage_evidence,answer key: several options match,0.5529,g6_fractions,g6_fraction_reduce,2,yes,no,
19d38044-181b-4f30-b01d-7d38ab8038b5,2026-08-13T04:10:16.011330+00:00,b3980d10-d50a-43fe-b083-6931e63191bc,rejected,validation,stage_evidence,answer key: several options match,0.5179,g6_fractions,g6_fraction_reduce,2,yes,no,
045846fb-93d1-4f92-a052-96d1a37cf4ae,2026-08-13T04:10:43.763346+00:00,b3980d10-d50a-43fe-b083-6931e63191bc,rejected,validation,stage_evidence,answer key: several options match,1.1954,g6_fractions,g6_fraction_reduce,2,yes,no,
002a20ea-2ae0-4e7e-9721-6ff9f393e1c6,2026-08-13T04:10:43.763346+00:00,b3980d10-d50a-43fe-b083-6931e63191bc,rejected,validation,stage_evidence,answer key: several options match,0.5894,g6_fractions,g6_fraction_reduce,2,yes,no,
f7c5c7ef-1176-47ca-93f0-b7031452db9d,2026-08-13T04:10:43.763346+00:00,b3980d10-d50a-43fe-b083-6931e63191bc,rejected,validation,stage_evidence,answer key: several options match,0.5189,g6_fractions,g6_fraction_reduce,2,yes,no,
6bd6a9a8-2905-43b7-8aab-c79e7aebde46,2026-08-13T04:12:56.688398+00:00,b6935999-e18f-435a-805b-250928017604,pending,accepted,accepted,,2.0624,algebra_2,alg2_irrational,2,no,,
67ac308e-af48-4035-bfdf-d69926c703ab,2026-08-13T04:12:56.688398+00:00,b6935999-e18f-435a-805b-250928017604,rejected,validation,stage_evidence,answer key: several options match,1.1122,algebra_2,alg2_irrational,1,yes,no,
b4e633f7-d7e5-4331-b33d-72c1c601bcea,2026-08-13T04:13:59.706652+00:00,b6935999-e18f-435a-805b-250928017604,pending,accepted,accepted,,3.4028,algebra_2,alg2_irrational,2,no,,
de2de9df-fe05-46ed-9c98-1a651c16cb06,2026-08-13T04:14:33.100097+00:00,b6935999-e18f-435a-805b-250928017604,rejected,validation,stage_evidence,answer key: several options match,0.5314,algebra_2,alg2_irrational,2,yes,no,
09c43374-2bc8-4970-ae47-f2d37df06beb,2026-08-13T04:14:33.100097+00:00,b6935999-e18f-435a-805b-250928017604,rejected,validation,stage_evidence,answer key: several options match,2.0262,algebra_2,alg2_irrational,2,yes,no,
b9224f16-3596-4c69-aab8-aa17967eee74,2026-08-13T04:14:33.100097+00:00,b6935999-e18f-435a-805b-250928017604,rejected,validation,stage_evidence,answer key: several options match,0.4939,algebra_2,alg2_irrational,2,yes,no,
51d8cd2e-3fd8-471e-9a1f-cf0e8a2127e8,2026-08-13T04:14:33.100097+00:00,b6935999-e18f-435a-805b-250928017604,rejected,validation,stage_evidence,answer key: several options match,0.5064,algebra_2,alg2_irrational,2,yes,no,
6d5786b1-eb93-4dae-a722-9ab663ba8da6,2026-08-13T04:14:33.100097+00:00,b6935999-e18f-435a-805b-250928017604,rejected,validation,stage_evidence,answer key: several options match,0.5819,algebra_2,alg2_irrational,2,yes,no,
aa8bd00b-1c96-4b7a-a494-7571ab9aa9b9,2026-08-13T04:15:15.555321+00:00,b6935999-e18f-435a-805b-250928017604,rejected,validation,stage_evidence,answer key: several options match,1.1796,algebra_2,alg2_irrational,2,yes,no,
def25dd2-9d13-443c-b380-55158f3d305c,2026-08-13T04:15:15.555321+00:00,b6935999-e18f-435a-805b-250928017604,pending,accepted,accepted,,1.9792,algebra_2,alg2_irrational,3,no,,
60df6094-cbb0-4b2c-8dcc-a4df3a36458e,2026-08-13T04:15:50.608837+00:00,b6935999-e18f-435a-805b-250928017604,rejected,validation,stage_evidence,answer key: several options match,1.1526,g6_fractions,g6_fraction_reduce,1,yes,no,
e7ac8878-5470-4a99-8055-925e89948a93,2026-08-13T04:15:50.608837+00:00,b6935999-e18f-435a-805b-250928017604,rejected,validation,stage_evidence,answer key: several options match,0.5384,g6_fractions,g6_fraction_reduce,1,yes,no,
f593de9f-abb4-4bbb-8831-6c95e4d17e2b,2026-08-13T04:15:50.608837+00:00,b6935999-e18f-435a-805b-250928017604,rejected,validation,stage_evidence,answer key: several options match,0.5174,g6_fractions,g6_fraction_reduce,1,yes,no,
e192a64f-d46d-4a4d-ba02-0eaccf14f69f,2026-08-13T04:15:50.608837+00:00,b6935999-e18f-435a-805b-250928017604,rejected,validation,stage_evidence,answer key: several options match,0.4454,g6_fractions,g6_fraction_reduce,1,yes,no,
50b4b8bf-4953-46ef-b279-13c53a3596ea,2026-08-13T04:15:50.608837+00:00,b6935999-e18f-435a-805b-250928017604,rejected,validation,stage_evidence,answer key: several options match,0.5414,g6_fractions,g6_fraction_reduce,1,yes,no,
da9ec570-ee3c-4d70-8142-f18999ce168c,2026-08-13T04:16:31.614861+00:00,b6935999-e18f-435a-805b-250928017604,rejected,validation,stage_evidence,answer key: several options match,0.5304,g6_fractions,g6_fraction_reduce,1,yes,no,
3cc80652-c1c7-474a-ab3f-762e946e7874,2026-08-13T04:16:31.614861+00:00,b6935999-e18f-435a-805b-250928017604,rejected,validation,stage_evidence,answer key: several options match,0.4939,g6_fractions,g6_fraction_reduce,1,yes,no,
7a24516f-2e00-4b85-9e48-b4c7ddab0f41,2026-08-13T04:16:31.614861+00:00,b6935999-e18f-435a-805b-250928017604,rejected,validation,stage_evidence,answer key: several options match,1.1960,g6_fractions,g6_fraction_reduce,1,yes,no,
1118b81b-da92-4519-9e6a-55c304b42156,2026-08-13T04:16:31.614861+00:00,b6935999-e18f-435a-805b-250928017604,rejected,validation,stage_evidence,answer key: several options match,0.5129,g6_fractions,g6_fraction_reduce,1,yes,no,
f2627513-d870-43db-b432-b9277300eefc,2026-08-13T04:16:31.614861+00:00,b6935999-e18f-435a-805b-250928017604,rejected,validation,stage_evidence,answer key: several options match,0.4729,g6_fractions,g6_fraction_reduce,1,yes,no,
edab217d-1467-42a9-b462-cc08318e709f,2026-08-13T04:17:12.984768+00:00,b6935999-e18f-435a-805b-250928017604,rejected,validation,stage_evidence,answer key: several options match,0.4769,g6_fractions,g6_fraction_reduce,2,yes,no,
0946e88a-6a4c-4324-b50b-b8523a8213f1,2026-08-13T04:17:12.984768+00:00,b6935999-e18f-435a-805b-250928017604,rejected,validation,stage_evidence,answer key: several options match,0.5489,g6_fractions,g6_fraction_reduce,2,yes,no,
8aa1763b-63dc-42fd-81bb-ab016572c296,2026-08-13T04:17:12.984768+00:00,b6935999-e18f-435a-805b-250928017604,rejected,validation,stage_evidence,answer key: several options match,0.5184,g6_fractions,g6_fraction_reduce,2,yes,no,
f03ee68f-5040-4825-bac7-5f1da0e9fb74,2026-08-13T04:17:12.984768+00:00,b6935999-e18f-435a-805b-250928017604,rejected,validation,stage_evidence,answer key: several options match,0.5289,g6_fractions,g6_fraction_reduce,2,yes,no,
115d85cb-3999-474a-9c55-8bdbf9266702,2026-08-13T04:17:12.984768+00:00,b6935999-e18f-435a-805b-250928017604,rejected,validation,stage_evidence,answer key: several options match,1.3028,g6_fractions,g6_fraction_reduce,2,yes,no,
ad56b8d2-0ba9-4f28-a15a-f0709e5d7cca,2026-08-13T04:17:54.709184+00:00,b6935999-e18f-435a-805b-250928017604,rejected,validation,stage_evidence,answer key: several options match,0.5144,g6_fractions,g6_fraction_reduce,2,yes,no,
e02c512e-8738-4424-8b72-f0a39ab4f56c,2026-08-13T04:17:54.709184+00:00,b6935999-e18f-435a-805b-250928017604,rejected,validation,stage_evidence,answer key: several options match,0.5114,g6_fractions,g6_fraction_reduce,2,yes,no,
67cb4f40-8364-4f5c-8589-e94968a4a9e7,2026-08-13T04:17:54.709184+00:00,b6935999-e18f-435a-805b-250928017604,rejected,validation,stage_evidence,answer key: several options match,0.5069,g6_fractions,g6_fraction_reduce,2,yes,no,
75177a78-9836-425d-b281-468acd64aa46,2026-08-13T04:17:54.709184+00:00,b6935999-e18f-435a-805b-250928017604,rejected,validation,stage_evidence,answer key: several options match,1.3331,g6_fractions,g6_fraction_reduce,2,yes,no,
42309a07-11a3-4acb-a243-f1e8b344a94e,2026-08-13T04:17:54.709184+00:00,b6935999-e18f-435a-805b-250928017604,rejected,validation,stage_evidence,answer key: several options match,0.4974,g6_fractions,g6_fraction_reduce,2,yes,no,
d6ecdac3-7ec6-4490-bca0-19d4028a28d6,2026-08-13T05:21:25.832211+00:00,81715795-e4d3-4b6b-b080-858a3bcb8f8f,pending,accepted,accepted,,2.6758,g6_fractions,g6_fraction_reduce,2,no,,
3a3c93f1-84dc-4ee6-9df7-a514c4e6f466,2026-08-13T05:22:10.340097+00:00,81715795-e4d3-4b6b-b080-858a3bcb8f8f,pending,accepted,accepted,,2.6037,g6_fractions,g6_fraction_reduce,1,no,,
4e09e8c0-b634-48f2-8a52-245b561f5835,2026-08-13T05:22:36.367051+00:00,81715795-e4d3-4b6b-b080-858a3bcb8f8f,pending,accepted,accepted,,2.6166,g6_fractions,g6_fraction_reduce,2,no,,
cd64c83e-daab-46ef-8b93-dbe3c6bc7135,2026-08-13T05:23:02.614201+00:00,81715795-e4d3-4b6b-b080-858a3bcb8f8f,pending,accepted,accepted,,2.6819,g6_fractions,g6_fraction_reduce,1,no,,
2180be16-220d-4b2b-97bb-826392afd191,2026-08-13T05:23:30.043769+00:00,81715795-e4d3-4b6b-b080-858a3bcb8f8f,pending,accepted,accepted,,2.6554,g6_fractions,g6_fraction_reduce,1,no,,
4a6c0bf2-bb9e-43cf-a69b-fadf418349d3,2026-08-13T05:23:56.412254+00:00,81715795-e4d3-4b6b-b080-858a3bcb8f8f,pending,accepted,accepted,,2.4652,g6_fractions,g6_fraction_reduce,2,no,,
3ef8e715-70b8-44c4-ae3d-167805dd25b7,2026-08-13T05:24:19.960545+00:00,81715795-e4d3-4b6b-b080-858a3bcb8f8f,pending,accepted,accepted,,2.7977,g6_fractions,g6_fraction_reduce,1,no,,
af4be407-f3e1-493c-ae57-9123c10c6514,2026-08-13T05:24:51.229531+00:00,81715795-e4d3-4b6b-b080-858a3bcb8f8f,pending,accepted,accepted,,2.7323,g6_fractions,g6_fraction_reduce,1,no,,
0590ba08-bef7-441d-8151-ef0f38679cfe,2026-08-13T05:25:35.601660+00:00,42ae87cc-2fd3-4b61-8714-78dea2e42811,pending,accepted,accepted,,3.3668,algebra_2,alg2_irrational,2,no,,
dbdb9b27-d8a9-4f65-bdd9-76797d999a53,2026-08-13T05:26:35.725722+00:00,42ae87cc-2fd3-4b61-8714-78dea2e42811,pending,accepted,accepted,,4.9736,algebra_2,alg2_irrational,1,no,,
42c30c86-c998-4252-806a-94e21a3b5652,2026-08-13T05:27:19.384499+00:00,42ae87cc-2fd3-4b61-8714-78dea2e42811,pending,accepted,accepted,,3.1660,algebra_2,alg2_irrational,2,no,,
aceb9210-7080-4e6b-8eae-768a9dcc7e01,2026-08-13T05:27:52.628550+00:00,42ae87cc-2fd3-4b61-8714-78dea2e42811,pending,accepted,accepted,,3.5778,algebra_2,alg2_irrational,1,no,,
54606e8d-a83e-46b1-8950-44a55970c374,2026-08-13T05:28:34.603176+00:00,42ae87cc-2fd3-4b61-8714-78dea2e42811,pending,accepted,accepted,,5.0374,algebra_2,alg2_irrational,2,no,,
f1538b5b-85a4-4009-8629-ea2c3ce5a4cf,2026-08-13T05:29:23.697549+00:00,42ae87cc-2fd3-4b61-8714-78dea2e42811,pending,accepted,accepted,,4.6206,algebra_2,alg2_irrational,1,no,,
2eb707d8-d364-4e7d-b145-4bdcba88be9c,2026-08-13T05:30:04.015387+00:00,42ae87cc-2fd3-4b61-8714-78dea2e42811,pending,accepted,accepted,,3.8802,algebra_2,alg2_irrational,2,no,,
7f801867-d16e-4075-85a5-ca545b69a735,2026-08-13T05:30:42.795641+00:00,42ae87cc-2fd3-4b61-8714-78dea2e42811,pending,accepted,accepted,,3.7871,algebra_2,alg2_irrational,1,no,,
a52ed9ae-7533-4bf1-a90d-562af6197bb6,2026-08-13T06:12:33.894949+00:00,e88566a0-5834-433f-901d-90307c695975,rejected,judge,stage_evidence,options,3.4188,algebra_1,alg1_functions,3,yes,no,
92b16b18-b8cf-436f-83be-d18dadf531f1,2026-08-13T06:13:29.477552+00:00,e88566a0-5834-433f-901d-90307c695975,rejected,judge,stage_evidence,other,3.9285,algebra_1,alg1_functions,3,yes,no,
e03e1930-d9c9-4f9d-82c8-75845d8a5e50,2026-08-13T06:14:12.139867+00:00,e88566a0-5834-433f-901d-90307c695975,rejected,validation,stage_evidence,answer key: derived answer disagrees,2.8533,algebra_1,alg1_functions,3,yes,yes,answer key: derived answer disagrees
228e30e2-89b5-40d8-b1c2-2fb449290c8a,2026-08-13T06:14:30.306670+00:00,e88566a0-5834-433f-901d-90307c695975,rejected,judge,stage_evidence,answer leakage,3.6200,algebra_1,alg1_functions,3,yes,no,
b719fbbc-b701-4451-a039-2fed2b5643a6,2026-08-13T06:15:20.298315+00:00,e88566a0-5834-433f-901d-90307c695975,rejected,difficulty,stage_evidence,difficulty rubric,5.9635,algebra_1,alg1_functions,4,yes,no,
4a1d9118-3ac8-4040-b686-b1c2eadbd4a7,2026-08-13T06:16:05.016221+00:00,e88566a0-5834-433f-901d-90307c695975,rejected,difficulty,stage_evidence,difficulty rubric,4.4236,algebra_1,alg1_functions,4,yes,no,
5fb65695-be6e-409a-aa4c-85e9f6bcff06,2026-08-13T06:16:48.691588+00:00,e88566a0-5834-433f-901d-90307c695975,rejected,validation,stage_evidence,readability,3.7066,algebra_1,alg1_functions,4,yes,yes,readability
3033d9b8-ebab-4b5a-b11d-a2de65e1bc86,2026-08-13T06:17:07.183769+00:00,e88566a0-5834-433f-901d-90307c695975,rejected,difficulty,stage_evidence,difficulty rubric,3.3644,algebra_1,alg1_functions,4,yes,no,
57f4aa14-cff8-4611-9590-3714943d65b1,2026-08-13T06:17:37.616244+00:00,e88566a0-5834-433f-901d-90307c695975,rejected,design,stage_evidence,other,2.4341,,,,no,,
0989d8a9-272e-4fe3-b261-5c7748d7bfa9,2026-08-13T06:18:04.565516+00:00,e88566a0-5834-433f-901d-90307c695975,rejected,design,stage_evidence,other,3.2934,,,,no,,
1a55bb88-9a6c-46aa-b929-9b0d6735002b,2026-08-13T06:18:19.527071+00:00,e88566a0-5834-433f-901d-90307c695975,rejected,design,stage_evidence,other,1.6336,,,,no,,
bafead8f-5f2c-45ba-afad-2973e41eeaf3,2026-08-13T06:18:49.997685+00:00,e88566a0-5834-433f-901d-90307c695975,rejected,validation,stage_evidence,answer key: derived answer disagrees,3.1823,calculus,calc_differential_equations,4,yes,no,
76457d94-1793-4b23-87ae-d7cd7b534095,2026-08-13T06:19:13.129290+00:00,e88566a0-5834-433f-901d-90307c695975,rejected,design,stage_evidence,other,3.1259,,,,no,,
35270a94-47da-4a4d-8b63-bf309a433dc3,2026-08-13T06:19:35.554955+00:00,e88566a0-5834-433f-901d-90307c695975,rejected,design,stage_evidence,other,2.5815,,,,no,,
188491da-872e-4352-8c79-3d9b3929c503,2026-08-13T06:20:02.950582+00:00,e88566a0-5834-433f-901d-90307c695975,rejected,validation,stage_evidence,math notation,3.1762,calculus,calc_differential_equations,5,yes,yes,math notation
41aa6928-656d-45aa-b811-8cf8e6705b1f,2026-08-13T06:20:22.350913+00:00,e88566a0-5834-433f-901d-90307c695975,rejected,design,stage_evidence,other,2.5510,,,,no,,
a4f3d17a-e999-4007-9875-de999a3b39ce,2026-08-13T06:26:39.231149+00:00,6865c91e-66b1-483b-8a27-f740c8883f5f,rejected,validation,stage_evidence,readability,1.3976,algebra_1,alg1_functions,3,yes,yes,readability
a3360e43-c97f-4ab2-8b6f-f2aff92ae9dc,2026-08-13T06:27:13.342202+00:00,6865c91e-66b1-483b-8a27-f740c8883f5f,rejected,validation,stage_evidence,answer key: derived answer disagrees,1.8922,algebra_1,alg1_functions,3,yes,yes,answer key: derived answer disagrees
09b20f98-9cfe-4c7f-be24-7d52ebce3f7d,2026-08-13T06:27:29.991670+00:00,6865c91e-66b1-483b-8a27-f740c8883f5f,pending,accepted,accepted,,3.4388,algebra_1,alg1_functions,2,no,,
5f816d23-b01e-42ca-96f4-2bba07f34398,2026-08-13T06:28:00.421857+00:00,6865c91e-66b1-483b-8a27-f740c8883f5f,rejected,judge,stage_evidence,options,3.0699,algebra_1,alg1_functions,3,yes,no,
d2c1f459-1055-4371-aaae-b57a44fe79eb,2026-08-13T06:28:28.347723+00:00,6865c91e-66b1-483b-8a27-f740c8883f5f,pending,accepted,accepted,,2.8181,algebra_1,alg1_functions,3,no,,
1855a37a-6c47-4b58-967e-0efdcca3a45b,2026-08-13T06:28:56.823196+00:00,6865c91e-66b1-483b-8a27-f740c8883f5f,rejected,judge,stage_evidence,other,2.9066,algebra_1,alg1_functions,4,yes,no,
0b1bd92a-af73-407c-98eb-a223f95797c4,2026-08-13T06:29:26.355637+00:00,6865c91e-66b1-483b-8a27-f740c8883f5f,rejected,judge,stage_evidence,hint ladder,3.9372,algebra_1,alg1_functions,4,yes,no,
0e110a6f-378e-4ad0-8afe-f8629635ed60,2026-08-13T06:30:05.318069+00:00,6865c91e-66b1-483b-8a27-f740c8883f5f,rejected,validation,stage_evidence,answer key: derived answer disagrees,1.7557,algebra_1,alg1_functions,4,yes,yes,answer key: derived answer disagrees
d4a76284-5783-4cb6-9379-54f9c5005c67,2026-08-13T06:30:23.143758+00:00,6865c91e-66b1-483b-8a27-f740c8883f5f,pending,accepted,accepted,,4.1694,algebra_1,alg1_functions,3,no,,
0c6bb735-fd4d-4ed8-b55e-6868b45a32d3,2026-08-13T06:31:07.529287+00:00,6865c91e-66b1-483b-8a27-f740c8883f5f,rejected,difficulty,stage_evidence,difficulty rubric,4.8172,algebra_1,alg1_functions,4,yes,no,
91cc3be9-c520-43a2-831b-0d5d7f284806,2026-08-13T06:31:44.969877+00:00,6865c91e-66b1-483b-8a27-f740c8883f5f,rejected,design,stage_evidence,other,2.4796,,,,no,,
5e82e855-be8e-478f-bb4c-bc27a0cbb7b7,2026-08-13T06:32:05.024653+00:00,6865c91e-66b1-483b-8a27-f740c8883f5f,rejected,design,stage_evidence,other,2.3035,,,,no,,
c0ce436f-609a-4e6f-b165-6333053778c3,2026-08-13T06:32:24.322521+00:00,6865c91e-66b1-483b-8a27-f740c8883f5f,rejected,design,stage_evidence,other,2.4865,,,,no,,
c13bf1dc-e2c5-408f-a87c-00eff9aaf749,2026-08-13T06:32:42.331072+00:00,6865c91e-66b1-483b-8a27-f740c8883f5f,rejected,design,stage_evidence,other,2.0516,,,,no,,
7bc09a34-3eff-41bd-ac21-ef11364c89a9,2026-08-13T06:32:59.842905+00:00,6865c91e-66b1-483b-8a27-f740c8883f5f,rejected,design,stage_evidence,other,2.2489,,,,no,,
ca62174f-f086-4f18-ad2a-4ecaaf865175,2026-08-13T06:33:32.039744+00:00,6865c91e-66b1-483b-8a27-f740c8883f5f,rejected,validation,stage_evidence,math notation,3.1229,calculus,calc_differential_equations,5,yes,yes,math notation
e1fda84a-7f98-4106-bae0-f68ceb27f66b,2026-08-13T06:33:47.626258+00:00,6865c91e-66b1-483b-8a27-f740c8883f5f,rejected,design,stage_evidence,other,2.0277,,,,no,,
f6681324-7fee-47a4-8917-8ba215339f6b,2026-08-13T06:34:10.059743+00:00,6865c91e-66b1-483b-8a27-f740c8883f5f,rejected,design,stage_evidence,other,2.8638,,,,no,,
770fed70-fd42-4bf2-8857-a847a28e493e,2026-08-13T06:34:29.144547+00:00,6865c91e-66b1-483b-8a27-f740c8883f5f,rejected,design,stage_evidence,other,2.4230,,,,no,,
7f27035b-60cc-466b-8007-746311dacc3d,2026-08-13T06:34:46.201036+00:00,6865c91e-66b1-483b-8a27-f740c8883f5f,rejected,design,stage_evidence,other,2.0773,,,,no,,
ae196218-c9c1-4646-96aa-54fea681c626,2026-08-13T06:36:44.305586+00:00,8b2fadbb-9865-453d-8911-060b556d8ad7,rejected,design,stage_evidence,other,2.8498,,,,no,,
3745febb-02f4-4f18-b1cf-a0396a34c3e7,2026-08-13T06:37:27.092530+00:00,8b2fadbb-9865-453d-8911-060b556d8ad7,rejected,design,stage_evidence,other,2.3578,,,,no,,
471bc6a6-ab39-482a-89dc-c9ce2cc60be6,2026-08-13T06:37:48.707558+00:00,8b2fadbb-9865-453d-8911-060b556d8ad7,rejected,design,stage_evidence,other,2.9362,,,,no,,
052a3f51-887c-427d-958d-58cfcfbbe0ca,2026-08-13T06:38:11.925500+00:00,8b2fadbb-9865-453d-8911-060b556d8ad7,rejected,design,stage_evidence,other,2.8735,,,,no,,
e687e7d9-2886-403b-8bfb-c4874b4ff6ca,2026-08-13T06:38:32.747046+00:00,8b2fadbb-9865-453d-8911-060b556d8ad7,rejected,design,stage_evidence,other,2.6525,,,,no,,
d9a6bef1-e4d5-428c-944a-a330dfbce7c8,2026-08-13T06:38:51.507110+00:00,8b2fadbb-9865-453d-8911-060b556d8ad7,rejected,design,stage_evidence,other,2.3527,,,,no,,
344413dd-a191-43e5-a695-b51b72d00930,2026-08-13T06:39:09.516318+00:00,8b2fadbb-9865-453d-8911-060b556d8ad7,rejected,design,stage_evidence,other,2.2676,,,,no,,
5a5f5fea-2942-4ab9-911c-f5bb3bcc3096,2026-08-13T06:39:30.377871+00:00,8b2fadbb-9865-453d-8911-060b556d8ad7,rejected,validation,stage_evidence,answer leakage,2.0488,calculus,calc_differential_equations,5,yes,yes,answer leakage
abf66ea5-574b-46fe-8829-b41ea01c4767,2026-08-13T06:39:51.793512+00:00,8b2fadbb-9865-453d-8911-060b556d8ad7,rejected,design,stage_evidence,other,2.5411,,,,no,,
7840962b-8e5d-42d5-9428-347b8c8cf6b8,2026-08-13T06:40:10.533619+00:00,8b2fadbb-9865-453d-8911-060b556d8ad7,rejected,design,stage_evidence,other,2.3650,,,,no,,
f76689e5-d112-4361-9f17-fe77651106ce,2026-08-13T06:41:08.123598+00:00,ca44711a-dbb5-4cee-982c-d50813b2922f,rejected,validation,stage_evidence,answer key: derived answer disagrees,1.0418,calculus,calc_differential_equations,4,yes,yes,answer key: derived answer disagrees
317e0e35-0615-467e-badb-2bf2f0add592,2026-08-13T06:41:28.406710+00:00,ca44711a-dbb5-4cee-982c-d50813b2922f,rejected,validation,stage_evidence,answer key: derived answer disagrees,1.0148,calculus,calc_differential_equations,4,yes,yes,answer key: derived answer disagrees
ddf12b34-537b-4b93-bb05-3a1657c350ca,2026-08-13T06:41:49.467619+00:00,ca44711a-dbb5-4cee-982c-d50813b2922f,rejected,judge,stage_evidence,hint ladder,3.4556,calculus,calc_differential_equations,4,yes,no,
89a24da5-f01c-49c0-ae28-ab6d77c97150,2026-08-13T06:42:12.943100+00:00,ca44711a-dbb5-4cee-982c-d50813b2922f,rejected,validation,stage_evidence,other,1.1283,calculus,calc_differential_equations,4,yes,yes,other|readability
c6cf7c99-0208-41fd-8dd8-1bf3ebf537b6,2026-08-13T06:42:21.370020+00:00,ca44711a-dbb5-4cee-982c-d50813b2922f,rejected,validation,stage_evidence,answer key: derived answer disagrees,1.0498,calculus,calc_differential_equations,4,yes,yes,answer key: derived answer disagrees
2f718fab-3589-4e0d-8399-e25b8a5b2666,2026-08-13T06:42:31.927485+00:00,ca44711a-dbb5-4cee-982c-d50813b2922f,rejected,difficulty,stage_evidence,difficulty rubric,2.4037,calculus,calc_differential_equations,5,yes,no,
fc6ae4ec-2a74-4397-ba81-ca36a6600ad6,2026-08-13T06:42:55.291454+00:00,ca44711a-dbb5-4cee-982c-d50813b2922f,rejected,validation,stage_evidence,answer key: derived answer disagrees,1.0583,calculus,calc_differential_equations,5,yes,yes,answer key: derived answer disagrees
94a00509-a111-448b-aac4-3c44cb975c00,2026-08-13T06:43:06.332798+00:00,ca44711a-dbb5-4cee-982c-d50813b2922f,rejected,validation,stage_evidence,other,1.1283,calculus,calc_differential_equations,5,yes,yes,other
e41ad780-ce61-4ba2-b210-492622043a1b,2026-08-13T06:43:15.417518+00:00,ca44711a-dbb5-4cee-982c-d50813b2922f,rejected,validation,stage_evidence,answer key: derived answer disagrees,1.0888,calculus,calc_differential_equations,5,yes,yes,answer key: derived answer disagrees|math notation
8244220b-3460-4ddd-9f3f-aac3929b29a1,2026-08-13T06:43:24.539680+00:00,ca44711a-dbb5-4cee-982c-d50813b2922f,rejected,validation,stage_evidence,answer leakage,1.0913,calculus,calc_differential_equations,5,yes,yes,answer leakage
42c497bf-892a-4731-8d3a-a82e71ad96e1,2026-08-13T17:27:16.254506+00:00,f1b927ff-d7ca-4f36-ab41-8249d6911127,rejected,design,stage_evidence,other,2.1943,,,,no,,
f2040acb-080d-4ea8-adeb-e8a9f0e106bb,2026-08-13T17:27:58.066435+00:00,f1b927ff-d7ca-4f36-ab41-8249d6911127,rejected,design,stage_evidence,other,2.2731,,,,no,,
6456a22b-d610-4547-8d53-098d5644af3a,2026-08-13T17:28:15.840061+00:00,f1b927ff-d7ca-4f36-ab41-8249d6911127,rejected,design,stage_evidence,other,2.2188,,,,no,,
be558167-adfc-421a-bde2-07e0fc09abae,2026-08-13T17:28:36.874019+00:00,f1b927ff-d7ca-4f36-ab41-8249d6911127,rejected,design,stage_evidence,other,2.2121,,,,no,,
2213549f-bc7d-428d-9f6c-a2b42b2485bc,2026-08-13T17:28:56.014080+00:00,f1b927ff-d7ca-4f36-ab41-8249d6911127,rejected,design,stage_evidence,other,2.2945,,,,no,,
ddd377fd-b775-4402-a79a-50a8c88c0b89,2026-08-13T17:29:14.032232+00:00,f1b927ff-d7ca-4f36-ab41-8249d6911127,rejected,design,stage_evidence,other,2.1684,,,,no,,
1a93da93-a486-4cdb-a701-7f69aef9e5e1,2026-08-13T17:29:31.549601+00:00,f1b927ff-d7ca-4f36-ab41-8249d6911127,rejected,design,stage_evidence,other,2.1546,,,,no,,
869286b7-9d98-41b6-923b-cfc66f506a89,2026-08-13T17:30:01.378553+00:00,f1b927ff-d7ca-4f36-ab41-8249d6911127,rejected,validation,stage_evidence,math notation,3.2010,calculus,calc_differential_equations,5,yes,yes,math notation
1c4a4dcb-02d9-41ff-b699-600c953da8b7,2026-08-13T17:30:22.059935+00:00,f1b927ff-d7ca-4f36-ab41-8249d6911127,rejected,design,stage_evidence,other,2.6850,,,,no,,
a964d1ae-e98b-4308-a750-4b66cc573512,2026-08-13T17:30:43.160560+00:00,f1b927ff-d7ca-4f36-ab41-8249d6911127,rejected,solver,reason_text,other,2.5671,calculus,calc_differential_equations,5,yes,no,
80489bb1-5497-4049-b4a5-36e3870eb5a6,2026-08-13T17:31:55.637923+00:00,c806a111-ba52-47de-bb63-9b33aa234fbf,pending,accepted,accepted,,3.4787,calculus,calc_differential_equations,5,no,,
2e638af6-a043-4807-8f1a-f368ee8ea281,2026-08-13T17:32:52.730999+00:00,c806a111-ba52-47de-bb63-9b33aa234fbf,pending,accepted,accepted,,3.4052,calculus,calc_differential_equations,5,no,,
a78ab040-7473-4867-a16d-2266c332bcd3,2026-08-13T17:33:28.152541+00:00,c806a111-ba52-47de-bb63-9b33aa234fbf,pending,accepted,accepted,,3.8317,calculus,calc_differential_equations,5,no,,
5d009faf-31d6-4316-88c4-5fb8c94c779d,2026-08-13T17:34:07.950818+00:00,c806a111-ba52-47de-bb63-9b33aa234fbf,rejected,validation,stage_evidence,answer key: several options match,1.5662,calculus,calc_differential_equations,4,yes,yes,answer key: several options match|readability
e768467f-1e59-4cb7-a864-14c02c20b96f,2026-08-13T17:34:24.904824+00:00,c806a111-ba52-47de-bb63-9b33aa234fbf,pending,accepted,accepted,,3.2313,calculus,calc_differential_equations,5,no,,
c080a48a-80a5-4302-8863-005f60df3cf3,2026-08-13T17:35:03.278384+00:00,c806a111-ba52-47de-bb63-9b33aa234fbf,pending,accepted,accepted,,3.3099,calculus,calc_differential_equations,5,no,,
33c6956f-8ea0-429e-bd95-7d28433411e3,2026-08-13T17:35:37.394301+00:00,c806a111-ba52-47de-bb63-9b33aa234fbf,pending,accepted,accepted,,3.3490,calculus,calc_differential_equations,5,no,,
96025e80-cca6-41b6-8b37-6d022b4d8778,2026-08-13T17:36:17.012554+00:00,c806a111-ba52-47de-bb63-9b33aa234fbf,rejected,validation,stage_evidence,other,1.6950,calculus,calc_differential_equations,5,yes,yes,math notation|other
f02d8c58-137f-49ce-9889-311f8f17d6c0,2026-08-13T17:36:34.629887+00:00,c806a111-ba52-47de-bb63-9b33aa234fbf,rejected,validation,stage_evidence,readability,1.6868,calculus,calc_differential_equations,5,yes,yes,readability
8a7bc205-677c-406d-8f7d-c48594a29311,2026-08-13T17:36:51.776408+00:00,c806a111-ba52-47de-bb63-9b33aa234fbf,rejected,validation,stage_evidence,math notation,1.8116,calculus,calc_differential_equations,5,yes,yes,math notation
